component_1,table_type,component_2,component_3,component_4,component_5,value,component_6,component_7,component_8
IMPEXP,ALL_REG,,,,,,,,
MINRNW,ALL_REG,,,,,,,,
REG1,ALL_REG,,,,,,,,
REG2,ALL_REG,,,,,,,,
REG1' 'REG1,REG,,,,,,,,
REG2' 'REG2,REG,,,,,,,,
MEuro05,CUR,,,,,,,,
2005 '2005,DATAYEAR,,,,,,,,
2006 '2006,DATAYEAR,,,,,,,,
2010 '2010,DATAYEAR,,,,,,,,
2015 '2015,DATAYEAR,,,,,,,,
2020 '2020,DATAYEAR,,,,,,,,
2025 '2025,DATAYEAR,,,,,,,,
2030 '2030,DATAYEAR,,,,,,,,
2035 '2035,DATAYEAR,,,,,,,,
2005 '2005,MODLYEAR,,,,,,,,
2006 '2006,MODLYEAR,,,,,,,,
2010 '2010,MODLYEAR,,,,,,,,
2015 '2015,MODLYEAR,,,,,,,,
2020 '2020,MODLYEAR,,,,,,,,
REG1,TS_GROUP,ANNUAL,ANNUAL,,,,,,
REG1,TS_GROUP,DAYNITE,SD,,,,,,
REG1,TS_GROUP,DAYNITE,SN,,,,,,
REG1,TS_GROUP,DAYNITE,WD,,,,,,
REG1,TS_GROUP,DAYNITE,WN,,,,,,
REG1,TS_GROUP,SEASON,S,,,,,,
REG1,TS_GROUP,SEASON,W,,,,,,
REG2,TS_GROUP,ANNUAL,ANNUAL,,,,,,
REG2,TS_GROUP,DAYNITE,SD,,,,,,
REG2,TS_GROUP,DAYNITE,SN,,,,,,
REG2,TS_GROUP,DAYNITE,WD,,,,,,
REG2,TS_GROUP,DAYNITE,WN,,,,,,
REG2,TS_GROUP,SEASON,S,,,,,,
REG2,TS_GROUP,SEASON,W,,,,,,
REG1,TS_MAP,S,SD,,,,,,
REG1,TS_MAP,S,SN,,,,,,
REG1,TS_MAP,W,WD,,,,,,
REG1,TS_MAP,W,WN,,,,,,
REG2,TS_MAP,S,SD,,,,,,
REG2,TS_MAP,S,SN,,,,,,
REG2,TS_MAP,W,WD,,,,,,
REG2,TS_MAP,W,WN,,,,,,
Mt,UNITS,,,,,,,,
PJ,UNITS,,,,,,,,
kt,UNITS_COM,,,,,,,,
PJ,UNITS_COM,,,,,,,,
GW,UNITS_CAP,,,,,,,,
PJA,UNITS_CAP,,,,,,,,
Mt,UNITS_ACT,,,,,,,,
PJ,UNITS_ACT,,,,,,,,
MEuro05,UNITS_MONY,,,,,,,,
COA,COM_GRP,,,,,,,,
DROT,COM_GRP,,,,,,,,
DTD1,COM_GRP,,,,,,,,
ELC,COM_GRP,,,,,,,,
ELCCO2,COM_GRP,,,,,,,,
ELCCOA,COM_GRP,,,,,,,,
ELCGAS,COM_GRP,,,,,,,,
ELCNUC,COM_GRP,,,,,,,,
ELCOIL,COM_GRP,,,,,,,,
ELCRNW,COM_GRP,,,,,,,,
GAS,COM_GRP,,,,,,,,
NUC,COM_GRP,,,,,,,,
OIL,COM_GRP,,,,,,,,
RNW,COM_GRP,,,,,,,,
RSDCO2,COM_GRP,,,,,,,,
RSDGAS,COM_GRP,,,,,,,,
TPSCOA,COM_GRP,,,,,,,,
TPSELC,COM_GRP,,,,,,,,
TRACO2,COM_GRP,,,,,,,,
TRAOIL,COM_GRP,,,,,,,,
ELC,COM,,,,,,,,
GAS,COM,,,,,,,,
REG1,COM_TMAP,DEM,DROT,,,,,,
REG1,COM_TMAP,DEM,DTD1,,,,,,
REG1,COM_TMAP,DEM,TPSCOA,,,,,,
REG1,COM_TMAP,DEM,TPSELC,,,,,,
REG1,COM_TMAP,ENV,ELCCO2,,,,,,
REG1,COM_TMAP,ENV,RSDCO2,,,,,,
REG1,COM_TMAP,ENV,TRACO2,,,,,,
REG1,COM_TMAP,NRG,COA,,,,,,
REG1,COM_TMAP,NRG,ELC,,,,,,
REG1,COM_TMAP,NRG,ELCCOA,,,,,,
REG1,COM_TMAP,NRG,ELCGAS,,,,,,
REG1,COM_TMAP,NRG,ELCNUC,,,,,,
REG1,COM_TMAP,NRG,ELCOIL,,,,,,
REG1,COM_TMAP,NRG,ELCRNW,,,,,,
REG1,COM_TMAP,NRG,GAS,,,,,,
REG1,COM_TMAP,NRG,NUC,,,,,,
REG1,COM_TMAP,NRG,OIL,,,,,,
REG1,COM_TMAP,NRG,RNW,,,,,,
REG1,COM_TMAP,NRG,RSDGAS,,,,,,
REG1,COM_TMAP,NRG,TRAOIL,,,,,,
REG2,COM_TMAP,DEM,DROT,,,,,,
REG2,COM_TMAP,DEM,DTD1,,,,,,
REG2,COM_TMAP,DEM,TPSCOA,,,,,,
REG2,COM_TMAP,DEM,TPSELC,,,,,,
REG2,COM_TMAP,ENV,ELCCO2,,,,,,
REG2,COM_TMAP,ENV,RSDCO2,,,,,,
REG2,COM_TMAP,ENV,TRACO2,,,,,,
REG2,COM_TMAP,NRG,COA,,,,,,
REG2,COM_TMAP,NRG,ELC,,,,,,
REG2,COM_TMAP,NRG,ELCCOA,,,,,,
REG2,COM_TMAP,NRG,ELCGAS,,,,,,
REG2,COM_TMAP,NRG,ELCNUC,,,,,,
REG2,COM_TMAP,NRG,ELCOIL,,,,,,
REG2,COM_TMAP,NRG,ELCRNW,,,,,,
REG2,COM_TMAP,NRG,GAS,,,,,,
REG2,COM_TMAP,NRG,NUC,,,,,,
REG2,COM_TMAP,NRG,OIL,,,,,,
REG2,COM_TMAP,NRG,RNW,,,,,,
REG2,COM_TMAP,NRG,RSDGAS,,,,,,
REG2,COM_TMAP,NRG,TRAOIL,,,,,,
REG1,NRG_TMAP,ELC,ELC,,,,,,
REG2,NRG_TMAP,ELC,ELC,,,,,,
REG1,COM_TSL,ELC,DAYNITE,,,,,,
REG2,COM_TSL,ELC,DAYNITE,,,,,,
REG1,COM_UNIT,COA,PJ,,,,,,
REG1,COM_UNIT,DROT,PJ,,,,,,
REG1,COM_UNIT,DTD1,PJ,,,,,,
REG1,COM_UNIT,ELC,PJ,,,,,,
REG1,COM_UNIT,ELCCO2,kt,,,,,,
REG1,COM_UNIT,ELCCOA,PJ,,,,,,
REG1,COM_UNIT,ELCGAS,PJ,,,,,,
REG1,COM_UNIT,ELCNUC,PJ,,,,,,
REG1,COM_UNIT,ELCOIL,PJ,,,,,,
REG1,COM_UNIT,ELCRNW,PJ,,,,,,
REG1,COM_UNIT,GAS,PJ,,,,,,
REG1,COM_UNIT,NUC,PJ,,,,,,
REG1,COM_UNIT,OIL,PJ,,,,,,
REG1,COM_UNIT,RNW,PJ,,,,,,
REG1,COM_UNIT,RSDCO2,kt,,,,,,
REG1,COM_UNIT,RSDGAS,PJ,,,,,,
REG1,COM_UNIT,TPSCOA,PJ,,,,,,
REG1,COM_UNIT,TPSELC,PJ,,,,,,
REG1,COM_UNIT,TRACO2,kt,,,,,,
REG1,COM_UNIT,TRAOIL,PJ,,,,,,
REG2,COM_UNIT,COA,PJ,,,,,,
REG2,COM_UNIT,DROT,PJ,,,,,,
REG2,COM_UNIT,DTD1,PJ,,,,,,
REG2,COM_UNIT,ELC,PJ,,,,,,
REG2,COM_UNIT,ELCCO2,kt,,,,,,
REG2,COM_UNIT,ELCCOA,PJ,,,,,,
REG2,COM_UNIT,ELCGAS,PJ,,,,,,
REG2,COM_UNIT,ELCNUC,PJ,,,,,,
REG2,COM_UNIT,ELCOIL,PJ,,,,,,
REG2,COM_UNIT,ELCRNW,PJ,,,,,,
REG2,COM_UNIT,GAS,PJ,,,,,,
REG2,COM_UNIT,NUC,PJ,,,,,,
REG2,COM_UNIT,OIL,PJ,,,,,,
REG2,COM_UNIT,RNW,PJ,,,,,,
REG2,COM_UNIT,RSDCO2,kt,,,,,,
REG2,COM_UNIT,RSDGAS,PJ,,,,,,
REG2,COM_UNIT,TPSCOA,PJ,,,,,,
REG2,COM_UNIT,TPSELC,PJ,,,,,,
REG2,COM_UNIT,TRACO2,kt,,,,,,
REG2,COM_UNIT,TRAOIL,PJ,,,,,,
DTPSCOA,PRC,,,,,,,,
DTPSELC,PRC,,,,,,,,
ELCRERNW00,PRC,,,,,,,,
ELCTECOA00,PRC,,,,,,,,
ELCTEGAS00,PRC,,,,,,,,
ELCTENUC00,PRC,,,,,,,,
ELCTEOIL00,PRC,,,,,,,,
ELCTNCOA00,PRC,,,,,,,,
ELCTNGAS00,PRC,,,,,,,,
ELCTNOIL00,PRC,,,,,,,,
EXPCOA1,PRC,,,,,,,,
EXPGAS1,PRC,,,,,,,,
EXPOIL1,PRC,,,,,,,,
FTE-ELCCOA,PRC,,,,,,,,
FTE-ELCGAS,PRC,,,,,,,,
FTE-ELCNUC,PRC,,,,,,,,
FTE-ELCOIL,PRC,,,,,,,,
FTE-ELCRNW,PRC,,,,,,,,
FTE-RSDGAS,PRC,,,,,,,,
FTE-TRAOIL,PRC,,,,,,,,
IMPCOA1,PRC,,,,,,,,
IMPDEMZ,PRC,,,,,,,,
IMPGAS1,PRC,,,,,,,,
IMPMATZ,PRC,,,,,,,,
IMPNRGZ,PRC,,,,,,,,
IMPOIL1,PRC,,,,,,,,
MINCOA1,PRC,,,,,,,,
MINCOA2,PRC,,,,,,,,
MINCOA3,PRC,,,,,,,,
MINGAS1,PRC,,,,,,,,
MINGAS2,PRC,,,,,,,,
MINGAS3,PRC,,,,,,,,
MINNUC1,PRC,,,,,,,,
MINOIL1,PRC,,,,,,,,
MINOIL2,PRC,,,,,,,,
MINOIL3,PRC,,,,,,,,
MINRNW1,PRC,,,,,,,,
ROTEGAS,PRC,,,,,,,,
ROTNGAS,PRC,,,,,,,,
TB_ELC_REG1_REG2_01,PRC,,,,,,,,
TOTEOIL,PRC,,,,,,,,
TOTNOIL,PRC,,,,,,,,
TU_GAS_REG2_REG1_01,PRC,,,,,,,,
REG1,PRC_MAP,DMD,DTPSCOA,,,,,,
REG1,PRC_MAP,DMD,DTPSELC,,,,,,
REG1,PRC_MAP,DMD,ROTEGAS,,,,,,
REG1,PRC_MAP,DMD,ROTNGAS,,,,,,
REG1,PRC_MAP,DMD,TOTEOIL,,,,,,
REG1,PRC_MAP,DMD,TOTNOIL,,,,,,
REG1,PRC_MAP,ELE,ELCRERNW00,,,,,,
REG1,PRC_MAP,ELE,ELCTECOA00,,,,,,
REG1,PRC_MAP,ELE,ELCTEGAS00,,,,,,
REG1,PRC_MAP,ELE,ELCTENUC00,,,,,,
REG1,PRC_MAP,ELE,ELCTEOIL00,,,,,,
REG1,PRC_MAP,ELE,ELCTNCOA00,,,,,,
REG1,PRC_MAP,ELE,ELCTNGAS00,,,,,,
REG1,PRC_MAP,ELE,ELCTNOIL00,,,,,,
REG1,PRC_MAP,IRE,EXPCOA1,,,,,,
REG1,PRC_MAP,IRE,EXPGAS1,,,,,,
REG1,PRC_MAP,IRE,EXPOIL1,,,,,,
REG1,PRC_MAP,IRE,IMPCOA1,,,,,,
REG1,PRC_MAP,IRE,IMPDEMZ,,,,,,
REG1,PRC_MAP,IRE,IMPMATZ,,,,,,
REG1,PRC_MAP,IRE,IMPNRGZ,,,,,,
REG1,PRC_MAP,IRE,IMPOIL1,,,,,,
REG1,PRC_MAP,IRE,MINCOA1,,,,,,
REG1,PRC_MAP,IRE,MINCOA2,,,,,,
REG1,PRC_MAP,IRE,MINCOA3,,,,,,
REG1,PRC_MAP,IRE,MINNUC1,,,,,,
REG1,PRC_MAP,IRE,MINOIL1,,,,,,
REG1,PRC_MAP,IRE,MINOIL2,,,,,,
REG1,PRC_MAP,IRE,MINOIL3,,,,,,
REG1,PRC_MAP,IRE,MINRNW1,,,,,,
REG1,PRC_MAP,IRE,TB_ELC_REG1_REG2_01,,,,,,
REG1,PRC_MAP,IRE,TU_GAS_REG2_REG1_01,,,,,,
REG1,PRC_MAP,PRE,FTE-ELCCOA,,,,,,
REG1,PRC_MAP,PRE,FTE-ELCGAS,,,,,,
REG1,PRC_MAP,PRE,FTE-ELCNUC,,,,,,
REG1,PRC_MAP,PRE,FTE-ELCOIL,,,,,,
REG1,PRC_MAP,PRE,FTE-ELCRNW,,,,,,
REG1,PRC_MAP,PRE,FTE-RSDGAS,,,,,,
REG1,PRC_MAP,PRE,FTE-TRAOIL,,,,,,
REG2,PRC_MAP,DMD,DTPSCOA,,,,,,
REG2,PRC_MAP,DMD,DTPSELC,,,,,,
REG2,PRC_MAP,DMD,ROTEGAS,,,,,,
REG2,PRC_MAP,DMD,ROTNGAS,,,,,,
REG2,PRC_MAP,DMD,TOTEOIL,,,,,,
REG2,PRC_MAP,DMD,TOTNOIL,,,,,,
REG2,PRC_MAP,ELE,ELCRERNW00,,,,,,
REG2,PRC_MAP,ELE,ELCTECOA00,,,,,,
REG2,PRC_MAP,ELE,ELCTEGAS00,,,,,,
REG2,PRC_MAP,ELE,ELCTENUC00,,,,,,
REG2,PRC_MAP,ELE,ELCTEOIL00,,,,,,
REG2,PRC_MAP,ELE,ELCTNCOA00,,,,,,
REG2,PRC_MAP,ELE,ELCTNGAS00,,,,,,
REG2,PRC_MAP,ELE,ELCTNOIL00,,,,,,
REG2,PRC_MAP,IRE,EXPGAS1,,,,,,
REG2,PRC_MAP,IRE,EXPOIL1,,,,,,
REG2,PRC_MAP,IRE,IMPDEMZ,,,,,,
REG2,PRC_MAP,IRE,IMPGAS1,,,,,,
REG2,PRC_MAP,IRE,IMPMATZ,,,,,,
REG2,PRC_MAP,IRE,IMPNRGZ,,,,,,
REG2,PRC_MAP,IRE,IMPOIL1,,,,,,
REG2,PRC_MAP,IRE,MINGAS1,,,,,,
REG2,PRC_MAP,IRE,MINGAS2,,,,,,
REG2,PRC_MAP,IRE,MINGAS3,,,,,,
REG2,PRC_MAP,IRE,MINNUC1,,,,,,
REG2,PRC_MAP,IRE,MINOIL1,,,,,,
REG2,PRC_MAP,IRE,MINOIL2,,,,,,
REG2,PRC_MAP,IRE,MINOIL3,,,,,,
REG2,PRC_MAP,IRE,MINRNW1,,,,,,
REG2,PRC_MAP,IRE,TB_ELC_REG1_REG2_01,,,,,,
REG2,PRC_MAP,IRE,TU_GAS_REG2_REG1_01,,,,,,
REG2,PRC_MAP,PRE,FTE-ELCCOA,,,,,,
REG2,PRC_MAP,PRE,FTE-ELCGAS,,,,,,
REG2,PRC_MAP,PRE,FTE-ELCNUC,,,,,,
REG2,PRC_MAP,PRE,FTE-ELCOIL,,,,,,
REG2,PRC_MAP,PRE,FTE-ELCRNW,,,,,,
REG2,PRC_MAP,PRE,FTE-RSDGAS,,,,,,
REG2,PRC_MAP,PRE,FTE-TRAOIL,,,,,,
REG1,PRC_TSL,DTPSCOA,ANNUAL,,,,,,
REG1,PRC_TSL,DTPSELC,ANNUAL,,,,,,
REG1,PRC_TSL,ELCRERNW00,DAYNITE,,,,,,
REG1,PRC_TSL,ELCTECOA00,SEASON,,,,,,
REG1,PRC_TSL,ELCTEGAS00,DAYNITE,,,,,,
REG1,PRC_TSL,ELCTENUC00,SEASON,,,,,,
REG1,PRC_TSL,ELCTEOIL00,DAYNITE,,,,,,
REG1,PRC_TSL,ELCTNCOA00,SEASON,,,,,,
REG1,PRC_TSL,ELCTNGAS00,DAYNITE,,,,,,
REG1,PRC_TSL,ELCTNOIL00,DAYNITE,,,,,,
REG1,PRC_TSL,EXPCOA1,ANNUAL,,,,,,
REG1,PRC_TSL,EXPGAS1,ANNUAL,,,,,,
REG1,PRC_TSL,EXPOIL1,ANNUAL,,,,,,
REG1,PRC_TSL,FTE-ELCCOA,ANNUAL,,,,,,
REG1,PRC_TSL,FTE-ELCGAS,ANNUAL,,,,,,
REG1,PRC_TSL,FTE-ELCNUC,ANNUAL,,,,,,
REG1,PRC_TSL,FTE-ELCOIL,ANNUAL,,,,,,
REG1,PRC_TSL,FTE-ELCRNW,ANNUAL,,,,,,
REG1,PRC_TSL,FTE-RSDGAS,ANNUAL,,,,,,
REG1,PRC_TSL,FTE-TRAOIL,ANNUAL,,,,,,
REG1,PRC_TSL,IMPCOA1,ANNUAL,,,,,,
REG1,PRC_TSL,IMPDEMZ,ANNUAL,,,,,,
REG1,PRC_TSL,IMPMATZ,ANNUAL,,,,,,
REG1,PRC_TSL,IMPNRGZ,ANNUAL,,,,,,
REG1,PRC_TSL,IMPOIL1,ANNUAL,,,,,,
REG1,PRC_TSL,MINCOA1,ANNUAL,,,,,,
REG1,PRC_TSL,MINCOA2,ANNUAL,,,,,,
REG1,PRC_TSL,MINCOA3,ANNUAL,,,,,,
REG1,PRC_TSL,MINNUC1,ANNUAL,,,,,,
REG1,PRC_TSL,MINOIL1,ANNUAL,,,,,,
REG1,PRC_TSL,MINOIL2,ANNUAL,,,,,,
REG1,PRC_TSL,MINOIL3,ANNUAL,,,,,,
REG1,PRC_TSL,MINRNW1,ANNUAL,,,,,,
REG1,PRC_TSL,ROTEGAS,ANNUAL,,,,,,
REG1,PRC_TSL,ROTNGAS,ANNUAL,,,,,,
REG1,PRC_TSL,TB_ELC_REG1_REG2_01,DAYNITE,,,,,,
REG1,PRC_TSL,TOTEOIL,ANNUAL,,,,,,
REG1,PRC_TSL,TOTNOIL,ANNUAL,,,,,,
REG2,PRC_TSL,DTPSCOA,ANNUAL,,,,,,
REG2,PRC_TSL,DTPSELC,ANNUAL,,,,,,
REG2,PRC_TSL,ELCRERNW00,DAYNITE,,,,,,
REG2,PRC_TSL,ELCTECOA00,SEASON,,,,,,
REG2,PRC_TSL,ELCTEGAS00,DAYNITE,,,,,,
REG2,PRC_TSL,ELCTENUC00,SEASON,,,,,,
REG2,PRC_TSL,ELCTEOIL00,DAYNITE,,,,,,
REG2,PRC_TSL,ELCTNCOA00,SEASON,,,,,,
REG2,PRC_TSL,ELCTNGAS00,DAYNITE,,,,,,
REG2,PRC_TSL,ELCTNOIL00,DAYNITE,,,,,,
REG2,PRC_TSL,EXPGAS1,ANNUAL,,,,,,
REG2,PRC_TSL,EXPOIL1,ANNUAL,,,,,,
REG2,PRC_TSL,FTE-ELCCOA,ANNUAL,,,,,,
REG2,PRC_TSL,FTE-ELCGAS,ANNUAL,,,,,,
REG2,PRC_TSL,FTE-ELCNUC,ANNUAL,,,,,,
REG2,PRC_TSL,FTE-ELCOIL,ANNUAL,,,,,,
REG2,PRC_TSL,FTE-ELCRNW,ANNUAL,,,,,,
REG2,PRC_TSL,FTE-RSDGAS,ANNUAL,,,,,,
REG2,PRC_TSL,FTE-TRAOIL,ANNUAL,,,,,,
REG2,PRC_TSL,IMPDEMZ,ANNUAL,,,,,,
REG2,PRC_TSL,IMPGAS1,ANNUAL,,,,,,
REG2,PRC_TSL,IMPMATZ,ANNUAL,,,,,,
REG2,PRC_TSL,IMPNRGZ,ANNUAL,,,,,,
REG2,PRC_TSL,IMPOIL1,ANNUAL,,,,,,
REG2,PRC_TSL,MINGAS1,ANNUAL,,,,,,
REG2,PRC_TSL,MINGAS2,ANNUAL,,,,,,
REG2,PRC_TSL,MINGAS3,ANNUAL,,,,,,
REG2,PRC_TSL,MINNUC1,ANNUAL,,,,,,
REG2,PRC_TSL,MINOIL1,ANNUAL,,,,,,
REG2,PRC_TSL,MINOIL2,ANNUAL,,,,,,
REG2,PRC_TSL,MINOIL3,ANNUAL,,,,,,
REG2,PRC_TSL,MINRNW1,ANNUAL,,,,,,
REG2,PRC_TSL,ROTEGAS,ANNUAL,,,,,,
REG2,PRC_TSL,ROTNGAS,ANNUAL,,,,,,
REG2,PRC_TSL,TB_ELC_REG1_REG2_01,DAYNITE,,,,,,
REG2,PRC_TSL,TOTEOIL,ANNUAL,,,,,,
REG2,PRC_TSL,TOTNOIL,ANNUAL,,,,,,
REG1,PRC_ACTUNT,DTPSCOA,TPSCOA,PJ,,,,,
REG1,PRC_ACTUNT,DTPSELC,TPSELC,PJ,,,,,
REG1,PRC_ACTUNT,ELCRERNW00,ELC,PJ,,,,,
REG1,PRC_ACTUNT,ELCTECOA00,ELC,PJ,,,,,
REG1,PRC_ACTUNT,ELCTEGAS00,ELC,PJ,,,,,
REG1,PRC_ACTUNT,ELCTENUC00,ELC,PJ,,,,,
REG1,PRC_ACTUNT,ELCTEOIL00,ELC,PJ,,,,,
REG1,PRC_ACTUNT,ELCTNCOA00,ELC,PJ,,,,,
REG1,PRC_ACTUNT,ELCTNGAS00,ELC,PJ,,,,,
REG1,PRC_ACTUNT,ELCTNOIL00,ELC,PJ,,,,,
REG1,PRC_ACTUNT,EXPCOA1,COA,PJ,,,,,
REG1,PRC_ACTUNT,EXPGAS1,GAS,PJ,,,,,
REG1,PRC_ACTUNT,EXPOIL1,OIL,PJ,,,,,
REG1,PRC_ACTUNT,FTE-ELCCOA,ELCCOA,PJ,,,,,
REG1,PRC_ACTUNT,FTE-ELCGAS,ELCGAS,PJ,,,,,
REG1,PRC_ACTUNT,FTE-ELCNUC,ELCNUC,PJ,,,,,
REG1,PRC_ACTUNT,FTE-ELCOIL,ELCOIL,PJ,,,,,
REG1,PRC_ACTUNT,FTE-ELCRNW,ELCRNW,PJ,,,,,
REG1,PRC_ACTUNT,FTE-RSDGAS,RSDGAS,PJ,,,,,
REG1,PRC_ACTUNT,FTE-TRAOIL,TRAOIL,PJ,,,,,
REG1,PRC_ACTUNT,IMPCOA1,COA,PJ,,,,,
REG1,PRC_ACTUNT,IMPDEMZ,DEM,PJ,,,,,
REG1,PRC_ACTUNT,IMPMATZ,MAT,Mt,,,,,
REG1,PRC_ACTUNT,IMPNRGZ,NRG,PJ,,,,,
REG1,PRC_ACTUNT,IMPOIL1,OIL,PJ,,,,,
REG1,PRC_ACTUNT,MINCOA1,COA,PJ,,,,,
REG1,PRC_ACTUNT,MINCOA2,COA,PJ,,,,,
REG1,PRC_ACTUNT,MINCOA3,COA,PJ,,,,,
REG1,PRC_ACTUNT,MINNUC1,NUC,PJ,,,,,
REG1,PRC_ACTUNT,MINOIL1,OIL,PJ,,,,,
REG1,PRC_ACTUNT,MINOIL2,OIL,PJ,,,,,
REG1,PRC_ACTUNT,MINOIL3,OIL,PJ,,,,,
REG1,PRC_ACTUNT,MINRNW1,RNW,PJ,,,,,
REG1,PRC_ACTUNT,ROTEGAS,DROT,PJ,,,,,
REG1,PRC_ACTUNT,ROTNGAS,DROT,PJ,,,,,
REG1,PRC_ACTUNT,TB_ELC_REG1_REG2_01,NRG,PJ,,,,,
REG1,PRC_ACTUNT,TOTEOIL,DTD1,PJ,,,,,
REG1,PRC_ACTUNT,TOTNOIL,DTD1,PJ,,,,,
REG1,PRC_ACTUNT,TU_GAS_REG2_REG1_01,NRG,PJ,,,,,
REG2,PRC_ACTUNT,DTPSCOA,TPSCOA,PJ,,,,,
REG2,PRC_ACTUNT,DTPSELC,TPSELC,PJ,,,,,
REG2,PRC_ACTUNT,ELCRERNW00,ELC,PJ,,,,,
REG2,PRC_ACTUNT,ELCTECOA00,ELC,PJ,,,,,
REG2,PRC_ACTUNT,ELCTEGAS00,ELC,PJ,,,,,
REG2,PRC_ACTUNT,ELCTENUC00,ELC,PJ,,,,,
REG2,PRC_ACTUNT,ELCTEOIL00,ELC,PJ,,,,,
REG2,PRC_ACTUNT,ELCTNCOA00,ELC,PJ,,,,,
REG2,PRC_ACTUNT,ELCTNGAS00,ELC,PJ,,,,,
REG2,PRC_ACTUNT,ELCTNOIL00,ELC,PJ,,,,,
REG2,PRC_ACTUNT,EXPGAS1,GAS,PJ,,,,,
REG2,PRC_ACTUNT,EXPOIL1,OIL,PJ,,,,,
REG2,PRC_ACTUNT,FTE-ELCCOA,ELCCOA,PJ,,,,,
REG2,PRC_ACTUNT,FTE-ELCGAS,ELCGAS,PJ,,,,,
REG2,PRC_ACTUNT,FTE-ELCNUC,ELCNUC,PJ,,,,,
REG2,PRC_ACTUNT,FTE-ELCOIL,ELCOIL,PJ,,,,,
REG2,PRC_ACTUNT,FTE-ELCRNW,ELCRNW,PJ,,,,,
REG2,PRC_ACTUNT,FTE-RSDGAS,RSDGAS,PJ,,,,,
REG2,PRC_ACTUNT,FTE-TRAOIL,TRAOIL,PJ,,,,,
REG2,PRC_ACTUNT,IMPDEMZ,DEM,PJ,,,,,
REG2,PRC_ACTUNT,IMPGAS1,GAS,PJ,,,,,
REG2,PRC_ACTUNT,IMPMATZ,MAT,Mt,,,,,
REG2,PRC_ACTUNT,IMPNRGZ,NRG,PJ,,,,,
REG2,PRC_ACTUNT,IMPOIL1,OIL,PJ,,,,,
REG2,PRC_ACTUNT,MINGAS1,GAS,PJ,,,,,
REG2,PRC_ACTUNT,MINGAS2,GAS,PJ,,,,,
REG2,PRC_ACTUNT,MINGAS3,GAS,PJ,,,,,
REG2,PRC_ACTUNT,MINNUC1,NUC,PJ,,,,,
REG2,PRC_ACTUNT,MINOIL1,OIL,PJ,,,,,
REG2,PRC_ACTUNT,MINOIL2,OIL,PJ,,,,,
REG2,PRC_ACTUNT,MINOIL3,OIL,PJ,,,,,
REG2,PRC_ACTUNT,MINRNW1,RNW,PJ,,,,,
REG2,PRC_ACTUNT,ROTEGAS,DROT,PJ,,,,,
REG2,PRC_ACTUNT,ROTNGAS,DROT,PJ,,,,,
REG2,PRC_ACTUNT,TB_ELC_REG1_REG2_01,NRG,PJ,,,,,
REG2,PRC_ACTUNT,TOTEOIL,DTD1,PJ,,,,,
REG2,PRC_ACTUNT,TOTNOIL,DTD1,PJ,,,,,
REG2,PRC_ACTUNT,TU_GAS_REG2_REG1_01,NRG,PJ,,,,,
REG1,TOP,DTPSCOA,COA,IN,,,,,
REG1,TOP,DTPSCOA,TPSCOA,OUT,,,,,
REG1,TOP,DTPSELC,ELC,IN,,,,,
REG1,TOP,DTPSELC,TPSELC,OUT,,,,,
REG1,TOP,ELCRERNW00,ELC,OUT,,,,,
REG1,TOP,ELCRERNW00,ELCRNW,IN,,,,,
REG1,TOP,ELCTECOA00,ELC,OUT,,,,,
REG1,TOP,ELCTECOA00,ELCCO2,OUT,,,,,
REG1,TOP,ELCTECOA00,ELCCOA,IN,,,,,
REG1,TOP,ELCTEGAS00,ELC,OUT,,,,,
REG1,TOP,ELCTEGAS00,ELCCO2,OUT,,,,,
REG1,TOP,ELCTEGAS00,ELCGAS,IN,,,,,
REG1,TOP,ELCTENUC00,ELC,OUT,,,,,
REG1,TOP,ELCTENUC00,ELCNUC,IN,,,,,
REG1,TOP,ELCTEOIL00,ELC,OUT,,,,,
REG1,TOP,ELCTEOIL00,ELCCO2,OUT,,,,,
REG1,TOP,ELCTEOIL00,ELCOIL,IN,,,,,
REG1,TOP,ELCTNCOA00,ELC,OUT,,,,,
REG1,TOP,ELCTNCOA00,ELCCO2,OUT,,,,,
REG1,TOP,ELCTNCOA00,ELCCOA,IN,,,,,
REG1,TOP,ELCTNGAS00,ELC,OUT,,,,,
REG1,TOP,ELCTNGAS00,ELCCO2,OUT,,,,,
REG1,TOP,ELCTNGAS00,ELCGAS,IN,,,,,
REG1,TOP,ELCTNOIL00,ELC,OUT,,,,,
REG1,TOP,ELCTNOIL00,ELCCO2,OUT,,,,,
REG1,TOP,ELCTNOIL00,ELCOIL,IN,,,,,
REG1,TOP,EXPCOA1,COA,IN,,,,,
REG1,TOP,EXPGAS1,GAS,IN,,,,,
REG1,TOP,EXPOIL1,OIL,IN,,,,,
REG1,TOP,FTE-ELCCOA,COA,IN,,,,,
REG1,TOP,FTE-ELCCOA,ELCCOA,OUT,,,,,
REG1,TOP,FTE-ELCGAS,ELCGAS,OUT,,,,,
REG1,TOP,FTE-ELCGAS,GAS,IN,,,,,
REG1,TOP,FTE-ELCNUC,ELCNUC,OUT,,,,,
REG1,TOP,FTE-ELCNUC,NUC,IN,,,,,
REG1,TOP,FTE-ELCOIL,ELCOIL,OUT,,,,,
REG1,TOP,FTE-ELCOIL,OIL,IN,,,,,
REG1,TOP,FTE-ELCRNW,ELCRNW,OUT,,,,,
REG1,TOP,FTE-ELCRNW,RNW,IN,,,,,
REG1,TOP,FTE-RSDGAS,GAS,IN,,,,,
REG1,TOP,FTE-RSDGAS,RSDGAS,OUT,,,,,
REG1,TOP,FTE-TRAOIL,OIL,IN,,,,,
REG1,TOP,FTE-TRAOIL,TRAOIL,OUT,,,,,
REG1,TOP,IMPCOA1,COA,OUT,,,,,
REG1,TOP,IMPOIL1,OIL,OUT,,,,,
REG1,TOP,MINCOA1,COA,OUT,,,,,
REG1,TOP,MINCOA2,COA,OUT,,,,,
REG1,TOP,MINCOA3,COA,OUT,,,,,
REG1,TOP,MINNUC1,NUC,OUT,,,,,
REG1,TOP,MINOIL1,OIL,OUT,,,,,
REG1,TOP,MINOIL2,OIL,OUT,,,,,
REG1,TOP,MINOIL3,OIL,OUT,,,,,
REG1,TOP,MINRNW1,RNW,OUT,,,,,
REG1,TOP,ROTEGAS,DROT,OUT,,,,,
REG1,TOP,ROTEGAS,RSDCO2,OUT,,,,,
REG1,TOP,ROTEGAS,RSDGAS,IN,,,,,
REG1,TOP,ROTNGAS,DROT,OUT,,,,,
REG1,TOP,ROTNGAS,RSDCO2,OUT,,,,,
REG1,TOP,ROTNGAS,RSDGAS,IN,,,,,
REG1,TOP,TOTEOIL,DTD1,OUT,,,,,
REG1,TOP,TOTEOIL,TRACO2,OUT,,,,,
REG1,TOP,TOTEOIL,TRAOIL,IN,,,,,
REG1,TOP,TOTNOIL,DTD1,OUT,,,,,
REG1,TOP,TOTNOIL,TRACO2,OUT,,,,,
REG1,TOP,TOTNOIL,TRAOIL,IN,,,,,
REG2,TOP,DTPSCOA,COA,IN,,,,,
REG2,TOP,DTPSCOA,TPSCOA,OUT,,,,,
REG2,TOP,DTPSELC,ELC,IN,,,,,
REG2,TOP,DTPSELC,TPSELC,OUT,,,,,
REG2,TOP,ELCRERNW00,ELC,OUT,,,,,
REG2,TOP,ELCRERNW00,ELCRNW,IN,,,,,
REG2,TOP,ELCTECOA00,ELC,OUT,,,,,
REG2,TOP,ELCTECOA00,ELCCO2,OUT,,,,,
REG2,TOP,ELCTECOA00,ELCCOA,IN,,,,,
REG2,TOP,ELCTEGAS00,ELC,OUT,,,,,
REG2,TOP,ELCTEGAS00,ELCCO2,OUT,,,,,
REG2,TOP,ELCTEGAS00,ELCGAS,IN,,,,,
REG2,TOP,ELCTENUC00,ELC,OUT,,,,,
REG2,TOP,ELCTENUC00,ELCNUC,IN,,,,,
REG2,TOP,ELCTEOIL00,ELC,OUT,,,,,
REG2,TOP,ELCTEOIL00,ELCCO2,OUT,,,,,
REG2,TOP,ELCTEOIL00,ELCOIL,IN,,,,,
REG2,TOP,ELCTNCOA00,ELC,OUT,,,,,
REG2,TOP,ELCTNCOA00,ELCCO2,OUT,,,,,
REG2,TOP,ELCTNCOA00,ELCCOA,IN,,,,,
REG2,TOP,ELCTNGAS00,ELC,OUT,,,,,
REG2,TOP,ELCTNGAS00,ELCCO2,OUT,,,,,
REG2,TOP,ELCTNGAS00,ELCGAS,IN,,,,,
REG2,TOP,ELCTNOIL00,ELC,OUT,,,,,
REG2,TOP,ELCTNOIL00,ELCCO2,OUT,,,,,
REG2,TOP,ELCTNOIL00,ELCOIL,IN,,,,,
REG2,TOP,EXPGAS1,GAS,IN,,,,,
REG2,TOP,EXPOIL1,OIL,IN,,,,,
REG2,TOP,FTE-ELCCOA,COA,IN,,,,,
REG2,TOP,FTE-ELCCOA,ELCCOA,OUT,,,,,
REG2,TOP,FTE-ELCGAS,ELCGAS,OUT,,,,,
REG2,TOP,FTE-ELCGAS,GAS,IN,,,,,
REG2,TOP,FTE-ELCNUC,ELCNUC,OUT,,,,,
REG2,TOP,FTE-ELCNUC,NUC,IN,,,,,
REG2,TOP,FTE-ELCOIL,ELCOIL,OUT,,,,,
REG2,TOP,FTE-ELCOIL,OIL,IN,,,,,
REG2,TOP,FTE-ELCRNW,ELCRNW,OUT,,,,,
REG2,TOP,FTE-ELCRNW,RNW,IN,,,,,
REG2,TOP,FTE-RSDGAS,GAS,IN,,,,,
REG2,TOP,FTE-RSDGAS,RSDGAS,OUT,,,,,
REG2,TOP,FTE-TRAOIL,OIL,IN,,,,,
REG2,TOP,FTE-TRAOIL,TRAOIL,OUT,,,,,
REG2,TOP,IMPGAS1,GAS,OUT,,,,,
REG2,TOP,IMPOIL1,OIL,OUT,,,,,
REG2,TOP,MINGAS1,GAS,OUT,,,,,
REG2,TOP,MINGAS2,GAS,OUT,,,,,
REG2,TOP,MINGAS3,GAS,OUT,,,,,
REG2,TOP,MINNUC1,NUC,OUT,,,,,
REG2,TOP,MINOIL1,OIL,OUT,,,,,
REG2,TOP,MINOIL2,OIL,OUT,,,,,
REG2,TOP,MINOIL3,OIL,OUT,,,,,
REG2,TOP,MINRNW1,RNW,OUT,,,,,
REG2,TOP,ROTEGAS,DROT,OUT,,,,,
REG2,TOP,ROTEGAS,RSDCO2,OUT,,,,,
REG2,TOP,ROTEGAS,RSDGAS,IN,,,,,
REG2,TOP,ROTNGAS,DROT,OUT,,,,,
REG2,TOP,ROTNGAS,RSDCO2,OUT,,,,,
REG2,TOP,ROTNGAS,RSDGAS,IN,,,,,
REG2,TOP,TOTEOIL,DTD1,OUT,,,,,
REG2,TOP,TOTEOIL,TRACO2,OUT,,,,,
REG2,TOP,TOTEOIL,TRAOIL,IN,,,,,
REG2,TOP,TOTNOIL,DTD1,OUT,,,,,
REG2,TOP,TOTNOIL,TRACO2,OUT,,,,,
REG2,TOP,TOTNOIL,TRAOIL,IN,,,,,
IMPEXP,TOP_IRE,COA,REG1,COA,IMPCOA1,,,,
IMPEXP,TOP_IRE,COA,REG1,COA,IMPNRGZ,,,,
IMPEXP,TOP_IRE,COA,REG2,COA,IMPNRGZ,,,,
IMPEXP,TOP_IRE,DROT,REG1,DROT,IMPDEMZ,,,,
IMPEXP,TOP_IRE,DROT,REG2,DROT,IMPDEMZ,,,,
IMPEXP,TOP_IRE,DTD1,REG1,DTD1,IMPDEMZ,,,,
IMPEXP,TOP_IRE,DTD1,REG2,DTD1,IMPDEMZ,,,,
IMPEXP,TOP_IRE,ELC,REG1,ELC,IMPNRGZ,,,,
IMPEXP,TOP_IRE,ELC,REG2,ELC,IMPNRGZ,,,,
IMPEXP,TOP_IRE,ELCCOA,REG1,ELCCOA,IMPNRGZ,,,,
IMPEXP,TOP_IRE,ELCCOA,REG2,ELCCOA,IMPNRGZ,,,,
IMPEXP,TOP_IRE,ELCGAS,REG1,ELCGAS,IMPNRGZ,,,,
IMPEXP,TOP_IRE,ELCGAS,REG2,ELCGAS,IMPNRGZ,,,,
IMPEXP,TOP_IRE,ELCNUC,REG1,ELCNUC,IMPNRGZ,,,,
IMPEXP,TOP_IRE,ELCNUC,REG2,ELCNUC,IMPNRGZ,,,,
IMPEXP,TOP_IRE,ELCOIL,REG1,ELCOIL,IMPNRGZ,,,,
IMPEXP,TOP_IRE,ELCOIL,REG2,ELCOIL,IMPNRGZ,,,,
IMPEXP,TOP_IRE,ELCRNW,REG1,ELCRNW,IMPNRGZ,,,,
IMPEXP,TOP_IRE,ELCRNW,REG2,ELCRNW,IMPNRGZ,,,,
IMPEXP,TOP_IRE,GAS,REG1,GAS,IMPNRGZ,,,,
IMPEXP,TOP_IRE,GAS,REG2,GAS,IMPGAS1,,,,
IMPEXP,TOP_IRE,GAS,REG2,GAS,IMPNRGZ,,,,
IMPEXP,TOP_IRE,NUC,REG1,NUC,IMPNRGZ,,,,
IMPEXP,TOP_IRE,NUC,REG2,NUC,IMPNRGZ,,,,
IMPEXP,TOP_IRE,OIL,REG1,OIL,IMPNRGZ,,,,
IMPEXP,TOP_IRE,OIL,REG1,OIL,IMPOIL1,,,,
IMPEXP,TOP_IRE,OIL,REG2,OIL,IMPNRGZ,,,,
IMPEXP,TOP_IRE,OIL,REG2,OIL,IMPOIL1,,,,
IMPEXP,TOP_IRE,RNW,REG1,RNW,IMPNRGZ,,,,
IMPEXP,TOP_IRE,RNW,REG2,RNW,IMPNRGZ,,,,
IMPEXP,TOP_IRE,RSDGAS,REG1,RSDGAS,IMPNRGZ,,,,
IMPEXP,TOP_IRE,RSDGAS,REG2,RSDGAS,IMPNRGZ,,,,
IMPEXP,TOP_IRE,TPSCOA,REG1,TPSCOA,IMPDEMZ,,,,
IMPEXP,TOP_IRE,TPSCOA,REG2,TPSCOA,IMPDEMZ,,,,
IMPEXP,TOP_IRE,TPSELC,REG1,TPSELC,IMPDEMZ,,,,
IMPEXP,TOP_IRE,TPSELC,REG2,TPSELC,IMPDEMZ,,,,
IMPEXP,TOP_IRE,TRAOIL,REG1,TRAOIL,IMPNRGZ,,,,
IMPEXP,TOP_IRE,TRAOIL,REG2,TRAOIL,IMPNRGZ,,,,
MINRNW,TOP_IRE,COA,REG1,COA,MINCOA1,,,,
MINRNW,TOP_IRE,COA,REG1,COA,MINCOA2,,,,
MINRNW,TOP_IRE,COA,REG1,COA,MINCOA3,,,,
MINRNW,TOP_IRE,GAS,REG2,GAS,MINGAS1,,,,
MINRNW,TOP_IRE,GAS,REG2,GAS,MINGAS2,,,,
MINRNW,TOP_IRE,GAS,REG2,GAS,MINGAS3,,,,
MINRNW,TOP_IRE,NUC,REG1,NUC,MINNUC1,,,,
MINRNW,TOP_IRE,NUC,REG2,NUC,MINNUC1,,,,
MINRNW,TOP_IRE,OIL,REG1,OIL,MINOIL1,,,,
MINRNW,TOP_IRE,OIL,REG1,OIL,MINOIL2,,,,
MINRNW,TOP_IRE,OIL,REG1,OIL,MINOIL3,,,,
MINRNW,TOP_IRE,OIL,REG2,OIL,MINOIL1,,,,
MINRNW,TOP_IRE,OIL,REG2,OIL,MINOIL2,,,,
MINRNW,TOP_IRE,OIL,REG2,OIL,MINOIL3,,,,
MINRNW,TOP_IRE,RNW,REG1,RNW,MINRNW1,,,,
MINRNW,TOP_IRE,RNW,REG2,RNW,MINRNW1,,,,
REG1,TOP_IRE,COA,IMPEXP,COA,EXPCOA1,,,,
REG1,TOP_IRE,ELC,REG2,ELC,TB_ELC_REG1_REG2_01,,,,
REG1,TOP_IRE,GAS,IMPEXP,GAS,EXPGAS1,,,,
REG1,TOP_IRE,OIL,IMPEXP,OIL,EXPOIL1,,,,
REG2,TOP_IRE,ELC,REG1,ELC,TB_ELC_REG1_REG2_01,,,,
REG2,TOP_IRE,GAS,IMPEXP,GAS,EXPGAS1,,,,
REG2,TOP_IRE,GAS,REG1,GAS,TU_GAS_REG2_REG1_01,,,,
REG2,TOP_IRE,OIL,IMPEXP,OIL,EXPOIL1,,,,
REG1,PRC_DESC,DTPSCOA' 'Demand Technology Total Primary Supply - COA,,,,,,,
REG1,PRC_DESC,DTPSELC' 'Demand Technology Total Primary Supply - ELC,,,,,,,
REG1,PRC_DESC,ELCRERNW00' 'Power Plants Existing00 - Renewable Energies,,,,,,,
REG1,PRC_DESC,ELCTECOA00' 'Power Plants Existing00 - Solid Fuels,,,,,,,
REG1,PRC_DESC,ELCTEGAS00' 'Power Plants Existing00 - Natural Gas,,,,,,,
REG1,PRC_DESC,ELCTENUC00' 'Power Plants Existing00 - Nuclear Energy,,,,,,,
REG1,PRC_DESC,ELCTEOIL00' 'Power Plants Existing00 - Crude Oil,,,,,,,
REG1,PRC_DESC,ELCTNCOA00' 'Power Plants New00 - Solid Fuels,,,,,,,
REG1,PRC_DESC,ELCTNGAS00' 'Power Plants New00 - Natural Gas,,,,,,,
REG1,PRC_DESC,ELCTNOIL00' 'Power Plants New00 - Crude Oil,,,,,,,
REG1,PRC_DESC,EXPCOA1' 'Export of Solid Fuels Step 1,,,,,,,
REG1,PRC_DESC,EXPGAS1' 'Export of Natural Gas Step 1,,,,,,,
REG1,PRC_DESC,EXPOIL1' 'Export of Crude Oil Step 1,,,,,,,
REG1,PRC_DESC,FTE-ELCCOA' 'Sector Fuel Technology Existing Electricity Plants Solid Fuels,,,,,,,
REG1,PRC_DESC,FTE-ELCGAS' 'Sector Fuel Technology Existing Electricity Plants Natural Gas,,,,,,,
REG1,PRC_DESC,FTE-ELCNUC' 'Sector Fuel Technology Existing Electricity Plants Nuclear Energy,,,,,,,
REG1,PRC_DESC,FTE-ELCOIL' 'Sector Fuel Technology Existing Electricity Plants Crude Oil,,,,,,,
REG1,PRC_DESC,FTE-ELCRNW' 'Sector Fuel Technology Existing Electricity Plants Renewable Energies,,,,,,,
REG1,PRC_DESC,FTE-RSDGAS' 'Sector Fuel Existing Residential Sector- Natural Gas,,,,,,,
REG1,PRC_DESC,FTE-TRAOIL' 'Sector Fuel Existing Transport Sector- Crude Oil,,,,,,,
REG1,PRC_DESC,IMPCOA1' 'Import of Solid Fuels Step 1,,,,,,,
REG1,PRC_DESC,IMPDEMZ' 'Dummy Import of DEM,,,,,,,
REG1,PRC_DESC,IMPMATZ' 'Dummy Import of MAT,,,,,,,
REG1,PRC_DESC,IMPNRGZ' 'Dummy Import of NRG,,,,,,,
REG1,PRC_DESC,IMPOIL1' 'Import of Crude Oil Step 1,,,,,,,
REG1,PRC_DESC,MINCOA1' 'Domestic Supply of Solid Fuels Step 1,,,,,,,
REG1,PRC_DESC,MINCOA2' 'Domestic Supply of Solid Fuels Step 2,,,,,,,
REG1,PRC_DESC,MINCOA3' 'Domestic Supply of Solid Fuels Step 3,,,,,,,
REG1,PRC_DESC,MINNUC1' 'Domestic Supply of Nuclear Energy Step 1,,,,,,,
REG1,PRC_DESC,MINOIL1' 'Domestic Supply of Crude Oil Step 1,,,,,,,
REG1,PRC_DESC,MINOIL2' 'Domestic Supply of Crude Oil Step 2,,,,,,,
REG1,PRC_DESC,MINOIL3' 'Domestic Supply of Crude Oil Step 3,,,,,,,
REG1,PRC_DESC,MINRNW1' 'Domestic Supply of Renewable Energies Step 1,,,,,,,
REG1,PRC_DESC,ROTEGAS' 'Demand Technologies Residential Sector -  Existing Other - Natural Gas,,,,,,,
REG1,PRC_DESC,ROTNGAS' 'Demand Technologies Residential Sector -  New Other - Natural Gas,,,,,,,
REG1,PRC_DESC,TB_ELC_REG1_REG2_01' 'IRE(B) - ELC from reg1 to reg2,,,,,,,
REG1,PRC_DESC,TOTEOIL' 'Demand Technologies Transport Sector -  Existing  - Crude Oil,,,,,,,
REG1,PRC_DESC,TOTNOIL' 'Demand Technologies Transport Sector -  New  - Crude Oil,,,,,,,
REG1,PRC_DESC,TU_GAS_REG2_REG1_01' 'IRE(U) - GAS from reg2 to reg1,,,,,,,
REG2,PRC_DESC,DTPSCOA' 'Demand Technology Total Primary Supply - COA,,,,,,,
REG2,PRC_DESC,DTPSELC' 'Demand Technology Total Primary Supply - ELC,,,,,,,
REG2,PRC_DESC,ELCRERNW00' 'Power Plants Existing00 - Renewable Energies,,,,,,,
REG2,PRC_DESC,ELCTECOA00' 'Power Plants Existing00 - Solid Fuels,,,,,,,
REG2,PRC_DESC,ELCTEGAS00' 'Power Plants Existing00 - Natural Gas,,,,,,,
REG2,PRC_DESC,ELCTENUC00' 'Power Plants Existing00 - Nuclear Energy,,,,,,,
REG2,PRC_DESC,ELCTEOIL00' 'Power Plants Existing00 - Crude Oil,,,,,,,
REG2,PRC_DESC,ELCTNCOA00' 'Power Plants New00 - Solid Fuels,,,,,,,
REG2,PRC_DESC,ELCTNGAS00' 'Power Plants New00 - Natural Gas,,,,,,,
REG2,PRC_DESC,ELCTNOIL00' 'Power Plants New00 - Crude Oil,,,,,,,
REG2,PRC_DESC,EXPGAS1' 'Export of Natural Gas Step 1,,,,,,,
REG2,PRC_DESC,EXPOIL1' 'Export of Crude Oil Step 1,,,,,,,
REG2,PRC_DESC,FTE-ELCCOA' 'Sector Fuel Technology Existing Electricity Plants Solid Fuels,,,,,,,
REG2,PRC_DESC,FTE-ELCGAS' 'Sector Fuel Technology Existing Electricity Plants Natural Gas,,,,,,,
REG2,PRC_DESC,FTE-ELCNUC' 'Sector Fuel Technology Existing Electricity Plants Nuclear Energy,,,,,,,
REG2,PRC_DESC,FTE-ELCOIL' 'Sector Fuel Technology Existing Electricity Plants Crude Oil,,,,,,,
REG2,PRC_DESC,FTE-ELCRNW' 'Sector Fuel Technology Existing Electricity Plants Renewable Energies,,,,,,,
REG2,PRC_DESC,FTE-RSDGAS' 'Sector Fuel Existing Residential Sector- Natural Gas,,,,,,,
REG2,PRC_DESC,FTE-TRAOIL' 'Sector Fuel Existing Transport Sector- Crude Oil,,,,,,,
REG2,PRC_DESC,IMPDEMZ' 'Dummy Import of DEM,,,,,,,
REG2,PRC_DESC,IMPGAS1' 'Import of Natural Gas Step 1,,,,,,,
REG2,PRC_DESC,IMPMATZ' 'Dummy Import of MAT,,,,,,,
REG2,PRC_DESC,IMPNRGZ' 'Dummy Import of NRG,,,,,,,
REG2,PRC_DESC,IMPOIL1' 'Import of Crude Oil Step 1,,,,,,,
REG2,PRC_DESC,MINGAS1' 'Domestic Supply of Natural Gas Step 1,,,,,,,
REG2,PRC_DESC,MINGAS2' 'Domestic Supply of Natural Gas Step 2,,,,,,,
REG2,PRC_DESC,MINGAS3' 'Domestic Supply of Natural Gas Step 3,,,,,,,
REG2,PRC_DESC,MINNUC1' 'Domestic Supply of Nuclear Energy Step 1,,,,,,,
REG2,PRC_DESC,MINOIL1' 'Domestic Supply of Crude Oil Step 1,,,,,,,
REG2,PRC_DESC,MINOIL2' 'Domestic Supply of Crude Oil Step 2,,,,,,,
REG2,PRC_DESC,MINOIL3' 'Domestic Supply of Crude Oil Step 3,,,,,,,
REG2,PRC_DESC,MINRNW1' 'Domestic Supply of Renewable Energies Step 1,,,,,,,
REG2,PRC_DESC,ROTEGAS' 'Demand Technologies Residential Sector -  Existing Other - Natural Gas,,,,,,,
REG2,PRC_DESC,ROTNGAS' 'Demand Technologies Residential Sector -  New Other - Natural Gas,,,,,,,
REG2,PRC_DESC,TB_ELC_REG1_REG2_01' 'IRE(B) - ELC from reg1 to reg2,,,,,,,
REG2,PRC_DESC,TOTEOIL' 'Demand Technologies Transport Sector -  Existing  - Crude Oil,,,,,,,
REG2,PRC_DESC,TOTNOIL' 'Demand Technologies Transport Sector -  New  - Crude Oil,,,,,,,
REG2,PRC_DESC,TU_GAS_REG2_REG1_01' 'IRE(U) - GAS from reg2 to reg1,,,,,,,
REG1,COM_DESC,COA' 'Solid Fuels,,,,,,,
REG1,COM_DESC,DROT' 'Demand Residential Sector - Other,,,,,,,
REG1,COM_DESC,DTD1' 'Demand Transport Sector - Demand 1,,,,,,,
REG1,COM_DESC,ELC' 'Electricity,,,,,,,
REG1,COM_DESC,ELCCO2' 'Electricity Plants Carbon dioxide,,,,,,,
REG1,COM_DESC,ELCCOA' 'Electricity Plants Solid Fuels,,,,,,,
REG1,COM_DESC,ELCGAS' 'Electricity Plants Natural Gas,,,,,,,
REG1,COM_DESC,ELCNUC' 'Electricity Plants Nuclear Energy,,,,,,,
REG1,COM_DESC,ELCOIL' 'Electricity Plants Crude Oil,,,,,,,
REG1,COM_DESC,ELCRNW' 'Electricity Plants Renewable Energies,,,,,,,
REG1,COM_DESC,GAS' 'Natural Gas,,,,,,,
REG1,COM_DESC,NUC' 'Nuclear Energy,,,,,,,
REG1,COM_DESC,OIL' 'Crude Oil,,,,,,,
REG1,COM_DESC,RNW' 'Renewable Energies,,,,,,,
REG1,COM_DESC,RSDCO2' 'Residential Carbon dioxide,,,,,,,
REG1,COM_DESC,RSDGAS' 'Residential Natural Gas,,,,,,,
REG1,COM_DESC,TPSCOA' 'Demand Total Primary Supply - COA,,,,,,,
REG1,COM_DESC,TPSELC' 'Demand Total Primary Supply - ELC,,,,,,,
REG1,COM_DESC,TRACO2' 'Transport Carbon dioxide,,,,,,,
REG1,COM_DESC,TRAOIL' 'Transport Crude Oil,,,,,,,
REG2,COM_DESC,COA' 'Solid Fuels,,,,,,,
REG2,COM_DESC,DROT' 'Demand Residential Sector - Other,,,,,,,
REG2,COM_DESC,DTD1' 'Demand Transport Sector - Demand 1,,,,,,,
REG2,COM_DESC,ELC' 'Electricity,,,,,,,
REG2,COM_DESC,ELCCO2' 'Electricity Plants Carbon dioxide,,,,,,,
REG2,COM_DESC,ELCCOA' 'Electricity Plants Solid Fuels,,,,,,,
REG2,COM_DESC,ELCGAS' 'Electricity Plants Natural Gas,,,,,,,
REG2,COM_DESC,ELCNUC' 'Electricity Plants Nuclear Energy,,,,,,,
REG2,COM_DESC,ELCOIL' 'Electricity Plants Crude Oil,,,,,,,
REG2,COM_DESC,ELCRNW' 'Electricity Plants Renewable Energies,,,,,,,
REG2,COM_DESC,GAS' 'Natural Gas,,,,,,,
REG2,COM_DESC,NUC' 'Nuclear Energy,,,,,,,
REG2,COM_DESC,OIL' 'Crude Oil,,,,,,,
REG2,COM_DESC,RNW' 'Renewable Energies,,,,,,,
REG2,COM_DESC,RSDCO2' 'Residential Carbon dioxide,,,,,,,
REG2,COM_DESC,RSDGAS' 'Residential Natural Gas,,,,,,,
REG2,COM_DESC,TPSCOA' 'Demand Total Primary Supply - COA,,,,,,,
REG2,COM_DESC,TPSELC' 'Demand Total Primary Supply - ELC,,,,,,,
REG2,COM_DESC,TRACO2' 'Transport Carbon dioxide,,,,,,,
REG2,COM_DESC,TRAOIL' 'Transport Crude Oil,,,,,,,
REG1,ACT_COST,2005,ELCTECOA00,MEuro05,,0.5,,,
REG1,ACT_COST,2005,ELCTEGAS00,MEuro05,,0.4,,,
REG1,ACT_COST,2005,ELCTENUC00,MEuro05,,0.27,,,
REG1,ACT_COST,2005,ELCTEOIL00,MEuro05,,0.2,,,
REG1,ACT_COST,2005,ELCTNCOA00,MEuro05,,0.4,,,
REG1,ACT_COST,2005,ELCTNGAS00,MEuro05,,0.35,,,
REG1,ACT_COST,2005,ELCTNOIL00,MEuro05,,0.2,,,
REG2,ACT_COST,2005,ELCTECOA00,MEuro05,,0.5,,,
REG2,ACT_COST,2005,ELCTEGAS00,MEuro05,,0.4,,,
REG2,ACT_COST,2005,ELCTENUC00,MEuro05,,0.27,,,
REG2,ACT_COST,2005,ELCTEOIL00,MEuro05,,0.2,,,
REG2,ACT_COST,2005,ELCTNCOA00,MEuro05,,0.4,,,
REG2,ACT_COST,2005,ELCTNGAS00,MEuro05,,0.35,,,
REG2,ACT_COST,2005,ELCTNOIL00,MEuro05,,0.2,,,
REG1,ACT_EFF,2005,DTPSCOA,ACT,ANNUAL,1.0,,,
REG1,ACT_EFF,2005,DTPSELC,ACT,ANNUAL,1.0,,,
REG1,ACT_EFF,2005,ELCRERNW00,ACT,ANNUAL,1.0,,,
REG1,ACT_EFF,2005,ELCTECOA00,ACT,ANNUAL,0.384,,,
REG1,ACT_EFF,2005,ELCTEGAS00,ACT,ANNUAL,0.4929,,,
REG1,ACT_EFF,2005,ELCTENUC00,ACT,ANNUAL,0.33,,,
REG1,ACT_EFF,2005,ELCTEOIL00,ACT,ANNUAL,0.25,,,
REG1,ACT_EFF,2005,ELCTNCOA00,ACT,ANNUAL,0.42,,,
REG1,ACT_EFF,2005,ELCTNGAS00,ACT,ANNUAL,0.52,,,
REG1,ACT_EFF,2005,ELCTNOIL00,ACT,ANNUAL,0.3,,,
REG1,ACT_EFF,2005,FTE-ELCCOA,ACT,ANNUAL,1.0,,,
REG1,ACT_EFF,2005,FTE-ELCGAS,ACT,ANNUAL,1.0,,,
REG1,ACT_EFF,2005,FTE-ELCNUC,ACT,ANNUAL,1.0,,,
REG1,ACT_EFF,2005,FTE-ELCOIL,ACT,ANNUAL,1.0,,,
REG1,ACT_EFF,2005,FTE-ELCRNW,ACT,ANNUAL,1.0,,,
REG1,ACT_EFF,2005,FTE-RSDGAS,ACT,ANNUAL,1.0,,,
REG1,ACT_EFF,2005,FTE-TRAOIL,ACT,ANNUAL,1.0,,,
REG1,ACT_EFF,2005,ROTEGAS,ACT,ANNUAL,1.0,,,
REG1,ACT_EFF,2005,ROTNGAS,ACT,ANNUAL,1.2,,,
REG1,ACT_EFF,2005,TOTEOIL,ACT,ANNUAL,1.0,,,
REG1,ACT_EFF,2005,TOTNOIL,ACT,ANNUAL,1.1,,,
REG2,ACT_EFF,2005,DTPSCOA,ACT,ANNUAL,1.0,,,
REG2,ACT_EFF,2005,DTPSELC,ACT,ANNUAL,1.0,,,
REG2,ACT_EFF,2005,ELCRERNW00,ACT,ANNUAL,1.0,,,
REG2,ACT_EFF,2005,ELCTECOA00,ACT,ANNUAL,0.384,,,
REG2,ACT_EFF,2005,ELCTEGAS00,ACT,ANNUAL,0.4929,,,
REG2,ACT_EFF,2005,ELCTENUC00,ACT,ANNUAL,0.33,,,
REG2,ACT_EFF,2005,ELCTEOIL00,ACT,ANNUAL,0.25,,,
REG2,ACT_EFF,2005,ELCTNCOA00,ACT,ANNUAL,0.42,,,
REG2,ACT_EFF,2005,ELCTNGAS00,ACT,ANNUAL,0.52,,,
REG2,ACT_EFF,2005,ELCTNOIL00,ACT,ANNUAL,0.3,,,
REG2,ACT_EFF,2005,FTE-ELCCOA,ACT,ANNUAL,1.0,,,
REG2,ACT_EFF,2005,FTE-ELCGAS,ACT,ANNUAL,1.0,,,
REG2,ACT_EFF,2005,FTE-ELCNUC,ACT,ANNUAL,1.0,,,
REG2,ACT_EFF,2005,FTE-ELCOIL,ACT,ANNUAL,1.0,,,
REG2,ACT_EFF,2005,FTE-ELCRNW,ACT,ANNUAL,1.0,,,
REG2,ACT_EFF,2005,FTE-RSDGAS,ACT,ANNUAL,1.0,,,
REG2,ACT_EFF,2005,FTE-TRAOIL,ACT,ANNUAL,1.0,,,
REG2,ACT_EFF,2005,ROTEGAS,ACT,ANNUAL,1.0,,,
REG2,ACT_EFF,2005,ROTNGAS,ACT,ANNUAL,1.2,,,
REG2,ACT_EFF,2005,TOTEOIL,ACT,ANNUAL,1.0,,,
REG2,ACT_EFF,2005,TOTNOIL,ACT,ANNUAL,1.1,,,
REG1,COM_FR,2005,TPSELC,SD,,0.3,,,
REG1,COM_FR,2005,TPSELC,SN,,0.2,,,
REG1,COM_FR,2005,TPSELC,WD,,0.27,,,
REG1,COM_FR,2005,TPSELC,WN,,0.23,,,
REG2,COM_FR,2005,TPSELC,SD,,0.34,,,
REG2,COM_FR,2005,TPSELC,SN,,0.15,,,
REG2,COM_FR,2005,TPSELC,WD,,0.27,,,
REG2,COM_FR,2005,TPSELC,WN,,0.24,,,
2005,E,,,,,2005.0,,,
2006,E,,,,,2007.0,,,
2010,E,,,,,2012.0,,,
2015,E,,,,,2017.0,,,
2020,E,,,,,2022.0,,,
REG1,IRE_PRICE,2005,EXPCOA1,COA,ANNUAL,2.75,REG1,EXP,MEuro05
REG1,IRE_PRICE,2005,EXPGAS1,GAS,ANNUAL,4.5,REG1,EXP,MEuro05
REG1,IRE_PRICE,2005,EXPOIL1,OIL,ANNUAL,8.0,REG1,EXP,MEuro05
REG1,IRE_PRICE,2005,IMPCOA1,COA,ANNUAL,2.75,REG1,IMP,MEuro05
REG1,IRE_PRICE,2005,IMPOIL1,OIL,ANNUAL,8.0,REG1,IMP,MEuro05
REG1,IRE_PRICE,2005,MINCOA1,COA,ANNUAL,2.0,REG1,IMP,MEuro05
REG1,IRE_PRICE,2005,MINCOA2,COA,ANNUAL,2.5,REG1,IMP,MEuro05
REG1,IRE_PRICE,2005,MINCOA3,COA,ANNUAL,3.0,REG1,IMP,MEuro05
REG1,IRE_PRICE,2005,MINOIL1,OIL,ANNUAL,6.4,REG1,IMP,MEuro05
REG1,IRE_PRICE,2005,MINOIL2,OIL,ANNUAL,7.36,REG1,IMP,MEuro05
REG1,IRE_PRICE,2005,MINOIL3,OIL,ANNUAL,9.6,REG1,IMP,MEuro05
REG2,IRE_PRICE,2005,EXPGAS1,GAS,ANNUAL,4.5,REG2,EXP,MEuro05
REG2,IRE_PRICE,2005,EXPOIL1,OIL,ANNUAL,8.0,REG2,EXP,MEuro05
REG2,IRE_PRICE,2005,IMPGAS1,GAS,ANNUAL,4.5,REG2,IMP,MEuro05
REG2,IRE_PRICE,2005,IMPOIL1,OIL,ANNUAL,8.0,REG2,IMP,MEuro05
REG2,IRE_PRICE,2005,MINGAS1,GAS,ANNUAL,3.6,REG2,IMP,MEuro05
REG2,IRE_PRICE,2005,MINGAS2,GAS,ANNUAL,4.14,REG2,IMP,MEuro05
REG2,IRE_PRICE,2005,MINGAS3,GAS,ANNUAL,5.4,REG2,IMP,MEuro05
REG2,IRE_PRICE,2005,MINOIL1,OIL,ANNUAL,6.4,REG2,IMP,MEuro05
REG2,IRE_PRICE,2005,MINOIL2,OIL,ANNUAL,7.36,REG2,IMP,MEuro05
REG2,IRE_PRICE,2005,MINOIL3,OIL,ANNUAL,9.6,REG2,IMP,MEuro05
REG1,NCAP_BND,0,ELCRERNW00,UP,,2.0,,,
REG1,NCAP_BND,0,ELCTECOA00,UP,,2.0,,,
REG1,NCAP_BND,0,ELCTEGAS00,UP,,2.0,,,
REG1,NCAP_BND,0,ELCTENUC00,UP,,2.0,,,
REG1,NCAP_BND,0,ELCTEOIL00,UP,,2.0,,,
REG1,NCAP_BND,0,ROTEGAS,UP,,2.0,,,
REG1,NCAP_BND,0,TOTEOIL,UP,,2.0,,,
REG2,NCAP_BND,0,ELCRERNW00,UP,,2.0,,,
REG2,NCAP_BND,0,ELCTECOA00,UP,,2.0,,,
REG2,NCAP_BND,0,ELCTEGAS00,UP,,2.0,,,
REG2,NCAP_BND,0,ELCTENUC00,UP,,2.0,,,
REG2,NCAP_BND,0,ELCTEOIL00,UP,,2.0,,,
REG2,NCAP_BND,0,ROTEGAS,UP,,2.0,,,
REG2,NCAP_BND,0,TOTEOIL,UP,,2.0,,,
REG1,NCAP_FOM,2005,DTPSCOA,MEuro05,,0.2,,,
REG1,NCAP_FOM,2005,DTPSELC,MEuro05,,0.2,,,
REG1,NCAP_FOM,2005,ELCRERNW00,MEuro05,,70.0,,,
REG1,NCAP_FOM,2005,ELCTECOA00,MEuro05,,40.0,,,
REG1,NCAP_FOM,2005,ELCTEGAS00,MEuro05,,35.0,,,
REG1,NCAP_FOM,2005,ELCTENUC00,MEuro05,,38.0,,,
REG1,NCAP_FOM,2005,ELCTEOIL00,MEuro05,,20.0,,,
REG1,NCAP_FOM,2005,ELCTNCOA00,MEuro05,,35.0,,,
REG1,NCAP_FOM,2005,ELCTNGAS00,MEuro05,,30.0,,,
REG1,NCAP_FOM,2005,ELCTNOIL00,MEuro05,,15.0,,,
REG1,NCAP_FOM,2005,ROTEGAS,MEuro05,,0.0,,,
REG1,NCAP_FOM,2005,ROTNGAS,MEuro05,,0.24,,,
REG1,NCAP_FOM,2005,TOTEOIL,MEuro05,,0.0,,,
REG1,NCAP_FOM,2005,TOTNOIL,MEuro05,,0.2,,,
REG2,NCAP_FOM,2005,DTPSCOA,MEuro05,,0.2,,,
REG2,NCAP_FOM,2005,DTPSELC,MEuro05,,0.2,,,
REG2,NCAP_FOM,2005,ELCRERNW00,MEuro05,,70.0,,,
REG2,NCAP_FOM,2005,ELCTECOA00,MEuro05,,40.0,,,
REG2,NCAP_FOM,2005,ELCTEGAS00,MEuro05,,35.0,,,
REG2,NCAP_FOM,2005,ELCTENUC00,MEuro05,,38.0,,,
REG2,NCAP_FOM,2005,ELCTEOIL00,MEuro05,,20.0,,,
REG2,NCAP_FOM,2005,ELCTNCOA00,MEuro05,,35.0,,,
REG2,NCAP_FOM,2005,ELCTNGAS00,MEuro05,,30.0,,,
REG2,NCAP_FOM,2005,ELCTNOIL00,MEuro05,,15.0,,,
REG2,NCAP_FOM,2005,ROTEGAS,MEuro05,,0.0,,,
REG2,NCAP_FOM,2005,ROTNGAS,MEuro05,,0.24,,,
REG2,NCAP_FOM,2005,TOTEOIL,MEuro05,,0.0,,,
REG2,NCAP_FOM,2005,TOTNOIL,MEuro05,,0.2,,,
REG1,NCAP_START,ELCTNCOA00,,,,2006.0,,,
REG1,NCAP_START,ELCTNGAS00,,,,2006.0,,,
REG1,NCAP_START,ELCTNOIL00,,,,2005.0,,,
REG1,NCAP_START,ROTNGAS,,,,2006.0,,,
REG1,NCAP_START,TOTNOIL,,,,2006.0,,,
REG2,NCAP_START,ELCTNCOA00,,,,2006.0,,,
REG2,NCAP_START,ELCTNGAS00,,,,2006.0,,,
REG2,NCAP_START,ELCTNOIL00,,,,2005.0,,,
REG2,NCAP_START,ROTNGAS,,,,2006.0,,,
REG2,NCAP_START,TOTNOIL,,,,2006.0,,,
REG1,PRC_CAPACT,ELCRERNW00,,,,31.536,,,
REG1,PRC_CAPACT,ELCTECOA00,,,,31.536,,,
REG1,PRC_CAPACT,ELCTEGAS00,,,,31.536,,,
REG1,PRC_CAPACT,ELCTENUC00,,,,31.536,,,
REG1,PRC_CAPACT,ELCTEOIL00,,,,31.536,,,
REG1,PRC_CAPACT,ELCTNCOA00,,,,31.536,,,
REG1,PRC_CAPACT,ELCTNGAS00,,,,31.536,,,
REG1,PRC_CAPACT,ELCTNOIL00,,,,31.536,,,
REG2,PRC_CAPACT,ELCRERNW00,,,,31.536,,,
REG2,PRC_CAPACT,ELCTECOA00,,,,31.536,,,
REG2,PRC_CAPACT,ELCTEGAS00,,,,31.536,,,
REG2,PRC_CAPACT,ELCTENUC00,,,,31.536,,,
REG2,PRC_CAPACT,ELCTEOIL00,,,,31.536,,,
REG2,PRC_CAPACT,ELCTNCOA00,,,,31.536,,,
REG2,PRC_CAPACT,ELCTNGAS00,,,,31.536,,,
REG2,PRC_CAPACT,ELCTNOIL00,,,,31.536,,,
