component_1,table_type,component_2,component_3,component_4,component_5,value,component_6,component_7
IMPEXP,ALL_REG,,,,,,,
MINRNW,ALL_REG,,,,,,,
REG1,ALL_REG,,,,,,,
REG2,ALL_REG,,,,,,,
REG1' 'REG1,REG,,,,,,,
REG2' 'REG2,REG,,,,,,,
MEuro05,CUR,,,,,,,
2005 '2005,DATAYEAR,,,,,,,
2006 '2006,DATAYEAR,,,,,,,
2010 '2010,DATAYEAR,,,,,,,
2015 '2015,DATAYEAR,,,,,,,
2020 '2020,DATAYEAR,,,,,,,
2025 '2025,DATAYEAR,,,,,,,
2030 '2030,DATAYEAR,,,,,,,
2035 '2035,DATAYEAR,,,,,,,
2005 '2005,MODLYEAR,,,,,,,
2006 '2006,MODLYEAR,,,,,,,
2010 '2010,MODLYEAR,,,,,,,
2015 '2015,MODLYEAR,,,,,,,
2020 '2020,MODLYEAR,,,,,,,
REG1,TS_GROUP,ANNUAL,ANNUAL,,,,,
REG1,TS_GROUP,DAYNITE,SD,,,,,
REG1,TS_GROUP,DAYNITE,SN,,,,,
REG1,TS_GROUP,DAYNITE,WD,,,,,
REG1,TS_GROUP,DAYNITE,WN,,,,,
REG1,TS_GROUP,SEASON,S,,,,,
REG1,TS_GROUP,SEASON,W,,,,,
REG2,TS_GROUP,ANNUAL,ANNUAL,,,,,
REG2,TS_GROUP,DAYNITE,SD,,,,,
REG2,TS_GROUP,DAYNITE,SN,,,,,
REG2,TS_GROUP,DAYNITE,WD,,,,,
REG2,TS_GROUP,DAYNITE,WN,,,,,
REG2,TS_GROUP,SEASON,S,,,,,
REG2,TS_GROUP,SEASON,W,,,,,
REG1,TS_MAP,S,SD,,,,,
REG1,TS_MAP,S,SN,,,,,
REG1,TS_MAP,W,WD,,,,,
REG1,TS_MAP,W,WN,,,,,
REG2,TS_MAP,S,SD,,,,,
REG2,TS_MAP,S,SN,,,,,
REG2,TS_MAP,W,WD,,,,,
REG2,TS_MAP,W,WN,,,,,
BPKM,UNITS,,,,,,,
Mt,UNITS,,,,,,,
PJ,UNITS,,,,,,,
BPkm,UNITS_COM,,,,,,,
kt,UNITS_COM,,,,,,,
PJ,UNITS_COM,,,,,,,
000_UNITS,UNITS_CAP,,,,,,,
GW,UNITS_CAP,,,,,,,
PJA,UNITS_CAP,,,,,,,
BPKM,UNITS_ACT,,,,,,,
Mt,UNITS_ACT,,,,,,,
PJ,UNITS_ACT,,,,,,,
MEuro05,UNITS_MONY,,,,,,,
COA,COM_GRP,,,,,,,
DROT,COM_GRP,,,,,,,
DSL,COM_GRP,,,,,,,
DTCAR,COM_GRP,,,,,,,
ELC,COM_GRP,,,,,,,
ELCCO2,COM_GRP,,,,,,,
ELCCOA,COM_GRP,,,,,,,
ELCGAS,COM_GRP,,,,,,,
ELCNUC,COM_GRP,,,,,,,
ELCOIL,COM_GRP,,,,,,,
ELCRNW,COM_GRP,,,,,,,
GAS,COM_GRP,,,,,,,
GSL,COM_GRP,,,,,,,
HFO,COM_GRP,,,,,,,
KER,COM_GRP,,,,,,,
LPG,COM_GRP,,,,,,,
NAP,COM_GRP,,,,,,,
NUC,COM_GRP,,,,,,,
OIL,COM_GRP,,,,,,,
OPP,COM_GRP,,,,,,,
RNW,COM_GRP,,,,,,,
RSDCO2,COM_GRP,,,,,,,
RSDGAS,COM_GRP,,,,,,,
TPSCOA,COM_GRP,,,,,,,
TPSELC,COM_GRP,,,,,,,
TRACO2,COM_GRP,,,,,,,
TRADSL,COM_GRP,,,,,,,
TRAELC,COM_GRP,,,,,,,
TRAGAS,COM_GRP,,,,,,,
TRAGSL,COM_GRP,,,,,,,
TRAHFO,COM_GRP,,,,,,,
TRAKER,COM_GRP,,,,,,,
TRALPG,COM_GRP,,,,,,,
ELC,COM,,,,,,,
GAS,COM,,,,,,,
REG1,COM_GMAP,FTE-ELCOIL_NRGI,DSL,,,,,
REG1,COM_GMAP,FTE-ELCOIL_NRGI,HFO,,,,,
REG1,COM_GMAP,FTE-ELCOIL_NRGI,LPG,,,,,
REG1,COM_GMAP,FTE-ELCOIL_NRGI,OPP,,,,,
REG1,COM_GMAP,REFEOIL00_NRGI,OIL,,,,,
REG1,COM_GMAP,REFEOIL00_NRGO,DSL,,,,,
REG1,COM_GMAP,REFEOIL00_NRGO,GSL,,,,,
REG1,COM_GMAP,REFEOIL00_NRGO,HFO,,,,,
REG1,COM_GMAP,REFEOIL00_NRGO,KER,,,,,
REG1,COM_GMAP,REFEOIL00_NRGO,LPG,,,,,
REG1,COM_GMAP,REFEOIL00_NRGO,NAP,,,,,
REG1,COM_GMAP,REFEOIL00_NRGO,OPP,,,,,
REG1,COM_GMAP,TCAREDSL_DEMO,DTCAR,,,,,
REG1,COM_GMAP,TCAREGAS_DEMO,DTCAR,,,,,
REG1,COM_GMAP,TCAREGSL_DEMO,DTCAR,,,,,
REG1,COM_GMAP,TCARELPG_DEMO,DTCAR,,,,,
REG2,COM_GMAP,FTE-ELCOIL_NRGI,DSL,,,,,
REG2,COM_GMAP,FTE-ELCOIL_NRGI,HFO,,,,,
REG2,COM_GMAP,FTE-ELCOIL_NRGI,LPG,,,,,
REG2,COM_GMAP,FTE-ELCOIL_NRGI,OPP,,,,,
REG2,COM_GMAP,REFEOIL00_NRGI,OIL,,,,,
REG2,COM_GMAP,REFEOIL00_NRGO,DSL,,,,,
REG2,COM_GMAP,REFEOIL00_NRGO,GSL,,,,,
REG2,COM_GMAP,REFEOIL00_NRGO,HFO,,,,,
REG2,COM_GMAP,REFEOIL00_NRGO,KER,,,,,
REG2,COM_GMAP,REFEOIL00_NRGO,LPG,,,,,
REG2,COM_GMAP,REFEOIL00_NRGO,NAP,,,,,
REG2,COM_GMAP,REFEOIL00_NRGO,OPP,,,,,
REG2,COM_GMAP,TCAREDSL_DEMO,DTCAR,,,,,
REG2,COM_GMAP,TCAREGAS_DEMO,DTCAR,,,,,
REG2,COM_GMAP,TCAREGSL_DEMO,DTCAR,,,,,
REG2,COM_GMAP,TCARELPG_DEMO,DTCAR,,,,,
REG1,COM_TMAP,DEM,DROT,,,,,
REG1,COM_TMAP,DEM,DTCAR,,,,,
REG1,COM_TMAP,DEM,TPSCOA,,,,,
REG1,COM_TMAP,DEM,TPSELC,,,,,
REG1,COM_TMAP,ENV,ELCCO2,,,,,
REG1,COM_TMAP,ENV,RSDCO2,,,,,
REG1,COM_TMAP,ENV,TRACO2,,,,,
REG1,COM_TMAP,NRG,COA,,,,,
REG1,COM_TMAP,NRG,DSL,,,,,
REG1,COM_TMAP,NRG,ELC,,,,,
REG1,COM_TMAP,NRG,ELCCOA,,,,,
REG1,COM_TMAP,NRG,ELCGAS,,,,,
REG1,COM_TMAP,NRG,ELCNUC,,,,,
REG1,COM_TMAP,NRG,ELCOIL,,,,,
REG1,COM_TMAP,NRG,ELCRNW,,,,,
REG1,COM_TMAP,NRG,GAS,,,,,
REG1,COM_TMAP,NRG,GSL,,,,,
REG1,COM_TMAP,NRG,HFO,,,,,
REG1,COM_TMAP,NRG,KER,,,,,
REG1,COM_TMAP,NRG,LPG,,,,,
REG1,COM_TMAP,NRG,NAP,,,,,
REG1,COM_TMAP,NRG,NUC,,,,,
REG1,COM_TMAP,NRG,OIL,,,,,
REG1,COM_TMAP,NRG,OPP,,,,,
REG1,COM_TMAP,NRG,RNW,,,,,
REG1,COM_TMAP,NRG,RSDGAS,,,,,
REG1,COM_TMAP,NRG,TRADSL,,,,,
REG1,COM_TMAP,NRG,TRAELC,,,,,
REG1,COM_TMAP,NRG,TRAGAS,,,,,
REG1,COM_TMAP,NRG,TRAGSL,,,,,
REG1,COM_TMAP,NRG,TRAHFO,,,,,
REG1,COM_TMAP,NRG,TRAKER,,,,,
REG1,COM_TMAP,NRG,TRALPG,,,,,
REG2,COM_TMAP,DEM,DROT,,,,,
REG2,COM_TMAP,DEM,DTCAR,,,,,
REG2,COM_TMAP,DEM,TPSCOA,,,,,
REG2,COM_TMAP,DEM,TPSELC,,,,,
REG2,COM_TMAP,ENV,ELCCO2,,,,,
REG2,COM_TMAP,ENV,RSDCO2,,,,,
REG2,COM_TMAP,ENV,TRACO2,,,,,
REG2,COM_TMAP,NRG,COA,,,,,
REG2,COM_TMAP,NRG,DSL,,,,,
REG2,COM_TMAP,NRG,ELC,,,,,
REG2,COM_TMAP,NRG,ELCCOA,,,,,
REG2,COM_TMAP,NRG,ELCGAS,,,,,
REG2,COM_TMAP,NRG,ELCNUC,,,,,
REG2,COM_TMAP,NRG,ELCOIL,,,,,
REG2,COM_TMAP,NRG,ELCRNW,,,,,
REG2,COM_TMAP,NRG,GAS,,,,,
REG2,COM_TMAP,NRG,GSL,,,,,
REG2,COM_TMAP,NRG,HFO,,,,,
REG2,COM_TMAP,NRG,KER,,,,,
REG2,COM_TMAP,NRG,LPG,,,,,
REG2,COM_TMAP,NRG,NAP,,,,,
REG2,COM_TMAP,NRG,NUC,,,,,
REG2,COM_TMAP,NRG,OIL,,,,,
REG2,COM_TMAP,NRG,OPP,,,,,
REG2,COM_TMAP,NRG,RNW,,,,,
REG2,COM_TMAP,NRG,RSDGAS,,,,,
REG2,COM_TMAP,NRG,TRADSL,,,,,
REG2,COM_TMAP,NRG,TRAELC,,,,,
REG2,COM_TMAP,NRG,TRAGAS,,,,,
REG2,COM_TMAP,NRG,TRAGSL,,,,,
REG2,COM_TMAP,NRG,TRAHFO,,,,,
REG2,COM_TMAP,NRG,TRAKER,,,,,
REG2,COM_TMAP,NRG,TRALPG,,,,,
REG1,NRG_TMAP,ELC,ELC,,,,,
REG2,NRG_TMAP,ELC,ELC,,,,,
REG1,COM_TSL,ELC,DAYNITE,,,,,
REG2,COM_TSL,ELC,DAYNITE,,,,,
REG1,COM_UNIT,COA,PJ,,,,,
REG1,COM_UNIT,DROT,PJ,,,,,
REG1,COM_UNIT,DSL,PJ,,,,,
REG1,COM_UNIT,DTCAR,BPkm,,,,,
REG1,COM_UNIT,ELC,PJ,,,,,
REG1,COM_UNIT,ELCCO2,kt,,,,,
REG1,COM_UNIT,ELCCOA,PJ,,,,,
REG1,COM_UNIT,ELCGAS,PJ,,,,,
REG1,COM_UNIT,ELCNUC,PJ,,,,,
REG1,COM_UNIT,ELCOIL,PJ,,,,,
REG1,COM_UNIT,ELCRNW,PJ,,,,,
REG1,COM_UNIT,GAS,PJ,,,,,
REG1,COM_UNIT,GSL,PJ,,,,,
REG1,COM_UNIT,HFO,PJ,,,,,
REG1,COM_UNIT,KER,PJ,,,,,
REG1,COM_UNIT,LPG,PJ,,,,,
REG1,COM_UNIT,NAP,PJ,,,,,
REG1,COM_UNIT,NUC,PJ,,,,,
REG1,COM_UNIT,OIL,PJ,,,,,
REG1,COM_UNIT,OPP,PJ,,,,,
REG1,COM_UNIT,RNW,PJ,,,,,
REG1,COM_UNIT,RSDCO2,kt,,,,,
REG1,COM_UNIT,RSDGAS,PJ,,,,,
REG1,COM_UNIT,TPSCOA,PJ,,,,,
REG1,COM_UNIT,TPSELC,PJ,,,,,
REG1,COM_UNIT,TRACO2,kt,,,,,
REG1,COM_UNIT,TRADSL,PJ,,,,,
REG1,COM_UNIT,TRAELC,PJ,,,,,
REG1,COM_UNIT,TRAGAS,PJ,,,,,
REG1,COM_UNIT,TRAGSL,PJ,,,,,
REG1,COM_UNIT,TRAHFO,PJ,,,,,
REG1,COM_UNIT,TRAKER,PJ,,,,,
REG1,COM_UNIT,TRALPG,PJ,,,,,
REG2,COM_UNIT,COA,PJ,,,,,
REG2,COM_UNIT,DROT,PJ,,,,,
REG2,COM_UNIT,DSL,PJ,,,,,
REG2,COM_UNIT,DTCAR,BPkm,,,,,
REG2,COM_UNIT,ELC,PJ,,,,,
REG2,COM_UNIT,ELCCO2,kt,,,,,
REG2,COM_UNIT,ELCCOA,PJ,,,,,
REG2,COM_UNIT,ELCGAS,PJ,,,,,
REG2,COM_UNIT,ELCNUC,PJ,,,,,
REG2,COM_UNIT,ELCOIL,PJ,,,,,
REG2,COM_UNIT,ELCRNW,PJ,,,,,
REG2,COM_UNIT,GAS,PJ,,,,,
REG2,COM_UNIT,GSL,PJ,,,,,
REG2,COM_UNIT,HFO,PJ,,,,,
REG2,COM_UNIT,KER,PJ,,,,,
REG2,COM_UNIT,LPG,PJ,,,,,
REG2,COM_UNIT,NAP,PJ,,,,,
REG2,COM_UNIT,NUC,PJ,,,,,
REG2,COM_UNIT,OIL,PJ,,,,,
REG2,COM_UNIT,OPP,PJ,,,,,
REG2,COM_UNIT,RNW,PJ,,,,,
REG2,COM_UNIT,RSDCO2,kt,,,,,
REG2,COM_UNIT,RSDGAS,PJ,,,,,
REG2,COM_UNIT,TPSCOA,PJ,,,,,
REG2,COM_UNIT,TPSELC,PJ,,,,,
REG2,COM_UNIT,TRACO2,kt,,,,,
REG2,COM_UNIT,TRADSL,PJ,,,,,
REG2,COM_UNIT,TRAELC,PJ,,,,,
REG2,COM_UNIT,TRAGAS,PJ,,,,,
REG2,COM_UNIT,TRAGSL,PJ,,,,,
REG2,COM_UNIT,TRAHFO,PJ,,,,,
REG2,COM_UNIT,TRAKER,PJ,,,,,
REG2,COM_UNIT,TRALPG,PJ,,,,,
DTPSCOA,PRC,,,,,,,
DTPSELC,PRC,,,,,,,
ELCNENUC00,PRC,,,,,,,
ELCRERNW00,PRC,,,,,,,
ELCTECOA00,PRC,,,,,,,
ELCTEGAS00,PRC,,,,,,,
ELCTEOIL00,PRC,,,,,,,
EXPCOA1,PRC,,,,,,,
EXPDSL1,PRC,,,,,,,
EXPGAS1,PRC,,,,,,,
EXPGSL1,PRC,,,,,,,
EXPHFO1,PRC,,,,,,,
EXPKER1,PRC,,,,,,,
EXPLPG1,PRC,,,,,,,
EXPNAP1,PRC,,,,,,,
EXPOIL1,PRC,,,,,,,
EXPOPP1,PRC,,,,,,,
FTE-ELCCOA,PRC,,,,,,,
FTE-ELCGAS,PRC,,,,,,,
FTE-ELCNUC,PRC,,,,,,,
FTE-ELCOIL,PRC,,,,,,,
FTE-ELCRNW,PRC,,,,,,,
FTE-RSDGAS,PRC,,,,,,,
FTE-TRADSL,PRC,,,,,,,
FTE-TRAELC,PRC,,,,,,,
FTE-TRAGAS,PRC,,,,,,,
FTE-TRAGSL,PRC,,,,,,,
FTE-TRAHFO,PRC,,,,,,,
FTE-TRAKER,PRC,,,,,,,
FTE-TRALPG,PRC,,,,,,,
IMPCOA1,PRC,,,,,,,
IMPDEMZ,PRC,,,,,,,
IMPDSL1,PRC,,,,,,,
IMPGAS1,PRC,,,,,,,
IMPGSL1,PRC,,,,,,,
IMPHFO1,PRC,,,,,,,
IMPKER1,PRC,,,,,,,
IMPLPG1,PRC,,,,,,,
IMPMATZ,PRC,,,,,,,
IMPNAP1,PRC,,,,,,,
IMPNRGZ,PRC,,,,,,,
IMPOIL1,PRC,,,,,,,
IMPOPP1,PRC,,,,,,,
MINCOA1,PRC,,,,,,,
MINCOA2,PRC,,,,,,,
MINCOA3,PRC,,,,,,,
MINGAS1,PRC,,,,,,,
MINGAS2,PRC,,,,,,,
MINGAS3,PRC,,,,,,,
MINNUC1,PRC,,,,,,,
MINOIL1,PRC,,,,,,,
MINOIL2,PRC,,,,,,,
MINOIL3,PRC,,,,,,,
MINRNW1,PRC,,,,,,,
REFEOIL00,PRC,,,,,,,
ROTEGAS,PRC,,,,,,,
TB_ELC_REG1_REG2_01,PRC,,,,,,,
TCAREDSL,PRC,,,,,,,
TCAREGAS,PRC,,,,,,,
TCAREGSL,PRC,,,,,,,
TCARELPG,PRC,,,,,,,
TU_GAS_REG2_REG1_01,PRC,,,,,,,
REG1,PRC_MAP,DMD,DTPSCOA,,,,,
REG1,PRC_MAP,DMD,DTPSELC,,,,,
REG1,PRC_MAP,DMD,ROTEGAS,,,,,
REG1,PRC_MAP,DMD,TCAREDSL,,,,,
REG1,PRC_MAP,DMD,TCAREGAS,,,,,
REG1,PRC_MAP,DMD,TCAREGSL,,,,,
REG1,PRC_MAP,DMD,TCARELPG,,,,,
REG1,PRC_MAP,ELE,ELCNENUC00,,,,,
REG1,PRC_MAP,ELE,ELCRERNW00,,,,,
REG1,PRC_MAP,ELE,ELCTECOA00,,,,,
REG1,PRC_MAP,ELE,ELCTEGAS00,,,,,
REG1,PRC_MAP,ELE,ELCTEOIL00,,,,,
REG1,PRC_MAP,IRE,EXPCOA1,,,,,
REG1,PRC_MAP,IRE,EXPDSL1,,,,,
REG1,PRC_MAP,IRE,EXPGAS1,,,,,
REG1,PRC_MAP,IRE,EXPGSL1,,,,,
REG1,PRC_MAP,IRE,EXPHFO1,,,,,
REG1,PRC_MAP,IRE,EXPKER1,,,,,
REG1,PRC_MAP,IRE,EXPLPG1,,,,,
REG1,PRC_MAP,IRE,EXPNAP1,,,,,
REG1,PRC_MAP,IRE,EXPOIL1,,,,,
REG1,PRC_MAP,IRE,EXPOPP1,,,,,
REG1,PRC_MAP,IRE,IMPCOA1,,,,,
REG1,PRC_MAP,IRE,IMPDEMZ,,,,,
REG1,PRC_MAP,IRE,IMPDSL1,,,,,
REG1,PRC_MAP,IRE,IMPGAS1,,,,,
REG1,PRC_MAP,IRE,IMPGSL1,,,,,
REG1,PRC_MAP,IRE,IMPHFO1,,,,,
REG1,PRC_MAP,IRE,IMPKER1,,,,,
REG1,PRC_MAP,IRE,IMPLPG1,,,,,
REG1,PRC_MAP,IRE,IMPMATZ,,,,,
REG1,PRC_MAP,IRE,IMPNAP1,,,,,
REG1,PRC_MAP,IRE,IMPNRGZ,,,,,
REG1,PRC_MAP,IRE,IMPOIL1,,,,,
REG1,PRC_MAP,IRE,IMPOPP1,,,,,
REG1,PRC_MAP,IRE,MINCOA1,,,,,
REG1,PRC_MAP,IRE,MINCOA2,,,,,
REG1,PRC_MAP,IRE,MINCOA3,,,,,
REG1,PRC_MAP,IRE,MINGAS1,,,,,
REG1,PRC_MAP,IRE,MINGAS2,,,,,
REG1,PRC_MAP,IRE,MINGAS3,,,,,
REG1,PRC_MAP,IRE,MINNUC1,,,,,
REG1,PRC_MAP,IRE,MINOIL1,,,,,
REG1,PRC_MAP,IRE,MINOIL2,,,,,
REG1,PRC_MAP,IRE,MINOIL3,,,,,
REG1,PRC_MAP,IRE,MINRNW1,,,,,
REG1,PRC_MAP,IRE,TB_ELC_REG1_REG2_01,,,,,
REG1,PRC_MAP,IRE,TU_GAS_REG2_REG1_01,,,,,
REG1,PRC_MAP,PRE,FTE-ELCCOA,,,,,
REG1,PRC_MAP,PRE,FTE-ELCGAS,,,,,
REG1,PRC_MAP,PRE,FTE-ELCNUC,,,,,
REG1,PRC_MAP,PRE,FTE-ELCOIL,,,,,
REG1,PRC_MAP,PRE,FTE-ELCRNW,,,,,
REG1,PRC_MAP,PRE,FTE-RSDGAS,,,,,
REG1,PRC_MAP,PRE,FTE-TRADSL,,,,,
REG1,PRC_MAP,PRE,FTE-TRAELC,,,,,
REG1,PRC_MAP,PRE,FTE-TRAGAS,,,,,
REG1,PRC_MAP,PRE,FTE-TRAGSL,,,,,
REG1,PRC_MAP,PRE,FTE-TRAHFO,,,,,
REG1,PRC_MAP,PRE,FTE-TRAKER,,,,,
REG1,PRC_MAP,PRE,FTE-TRALPG,,,,,
REG1,PRC_MAP,PRE,REFEOIL00,,,,,
REG2,PRC_MAP,DMD,DTPSCOA,,,,,
REG2,PRC_MAP,DMD,DTPSELC,,,,,
REG2,PRC_MAP,DMD,ROTEGAS,,,,,
REG2,PRC_MAP,DMD,TCAREDSL,,,,,
REG2,PRC_MAP,DMD,TCAREGAS,,,,,
REG2,PRC_MAP,DMD,TCAREGSL,,,,,
REG2,PRC_MAP,DMD,TCARELPG,,,,,
REG2,PRC_MAP,ELE,ELCNENUC00,,,,,
REG2,PRC_MAP,ELE,ELCRERNW00,,,,,
REG2,PRC_MAP,ELE,ELCTECOA00,,,,,
REG2,PRC_MAP,ELE,ELCTEGAS00,,,,,
REG2,PRC_MAP,ELE,ELCTEOIL00,,,,,
REG2,PRC_MAP,IRE,EXPCOA1,,,,,
REG2,PRC_MAP,IRE,EXPDSL1,,,,,
REG2,PRC_MAP,IRE,EXPGAS1,,,,,
REG2,PRC_MAP,IRE,EXPGSL1,,,,,
REG2,PRC_MAP,IRE,EXPHFO1,,,,,
REG2,PRC_MAP,IRE,EXPKER1,,,,,
REG2,PRC_MAP,IRE,EXPLPG1,,,,,
REG2,PRC_MAP,IRE,EXPNAP1,,,,,
REG2,PRC_MAP,IRE,EXPOIL1,,,,,
REG2,PRC_MAP,IRE,EXPOPP1,,,,,
REG2,PRC_MAP,IRE,IMPCOA1,,,,,
REG2,PRC_MAP,IRE,IMPDEMZ,,,,,
REG2,PRC_MAP,IRE,IMPDSL1,,,,,
REG2,PRC_MAP,IRE,IMPGAS1,,,,,
REG2,PRC_MAP,IRE,IMPGSL1,,,,,
REG2,PRC_MAP,IRE,IMPHFO1,,,,,
REG2,PRC_MAP,IRE,IMPKER1,,,,,
REG2,PRC_MAP,IRE,IMPLPG1,,,,,
REG2,PRC_MAP,IRE,IMPMATZ,,,,,
REG2,PRC_MAP,IRE,IMPNAP1,,,,,
REG2,PRC_MAP,IRE,IMPNRGZ,,,,,
REG2,PRC_MAP,IRE,IMPOIL1,,,,,
REG2,PRC_MAP,IRE,IMPOPP1,,,,,
REG2,PRC_MAP,IRE,MINCOA1,,,,,
REG2,PRC_MAP,IRE,MINCOA2,,,,,
REG2,PRC_MAP,IRE,MINCOA3,,,,,
REG2,PRC_MAP,IRE,MINGAS1,,,,,
REG2,PRC_MAP,IRE,MINGAS2,,,,,
REG2,PRC_MAP,IRE,MINGAS3,,,,,
REG2,PRC_MAP,IRE,MINNUC1,,,,,
REG2,PRC_MAP,IRE,MINOIL1,,,,,
REG2,PRC_MAP,IRE,MINOIL2,,,,,
REG2,PRC_MAP,IRE,MINOIL3,,,,,
REG2,PRC_MAP,IRE,MINRNW1,,,,,
REG2,PRC_MAP,IRE,TB_ELC_REG1_REG2_01,,,,,
REG2,PRC_MAP,IRE,TU_GAS_REG2_REG1_01,,,,,
REG2,PRC_MAP,PRE,FTE-ELCCOA,,,,,
REG2,PRC_MAP,PRE,FTE-ELCGAS,,,,,
REG2,PRC_MAP,PRE,FTE-ELCNUC,,,,,
REG2,PRC_MAP,PRE,FTE-ELCOIL,,,,,
REG2,PRC_MAP,PRE,FTE-ELCRNW,,,,,
REG2,PRC_MAP,PRE,FTE-RSDGAS,,,,,
REG2,PRC_MAP,PRE,FTE-TRADSL,,,,,
REG2,PRC_MAP,PRE,FTE-TRAELC,,,,,
REG2,PRC_MAP,PRE,FTE-TRAGAS,,,,,
REG2,PRC_MAP,PRE,FTE-TRAGSL,,,,,
REG2,PRC_MAP,PRE,FTE-TRAHFO,,,,,
REG2,PRC_MAP,PRE,FTE-TRAKER,,,,,
REG2,PRC_MAP,PRE,FTE-TRALPG,,,,,
REG2,PRC_MAP,PRE,REFEOIL00,,,,,
REG1,PRC_TSL,DTPSCOA,ANNUAL,,,,,
REG1,PRC_TSL,DTPSELC,ANNUAL,,,,,
REG1,PRC_TSL,ELCNENUC00,SEASON,,,,,
REG1,PRC_TSL,ELCRERNW00,DAYNITE,,,,,
REG1,PRC_TSL,ELCTECOA00,SEASON,,,,,
REG1,PRC_TSL,ELCTEGAS00,DAYNITE,,,,,
REG1,PRC_TSL,ELCTEOIL00,DAYNITE,,,,,
REG1,PRC_TSL,EXPCOA1,ANNUAL,,,,,
REG1,PRC_TSL,EXPDSL1,ANNUAL,,,,,
REG1,PRC_TSL,EXPGAS1,ANNUAL,,,,,
REG1,PRC_TSL,EXPGSL1,ANNUAL,,,,,
REG1,PRC_TSL,EXPHFO1,ANNUAL,,,,,
REG1,PRC_TSL,EXPKER1,ANNUAL,,,,,
REG1,PRC_TSL,EXPLPG1,ANNUAL,,,,,
REG1,PRC_TSL,EXPNAP1,ANNUAL,,,,,
REG1,PRC_TSL,EXPOIL1,ANNUAL,,,,,
REG1,PRC_TSL,EXPOPP1,ANNUAL,,,,,
REG1,PRC_TSL,FTE-ELCCOA,ANNUAL,,,,,
REG1,PRC_TSL,FTE-ELCGAS,ANNUAL,,,,,
REG1,PRC_TSL,FTE-ELCNUC,ANNUAL,,,,,
REG1,PRC_TSL,FTE-ELCOIL,ANNUAL,,,,,
REG1,PRC_TSL,FTE-ELCRNW,ANNUAL,,,,,
REG1,PRC_TSL,FTE-RSDGAS,ANNUAL,,,,,
REG1,PRC_TSL,FTE-TRADSL,ANNUAL,,,,,
REG1,PRC_TSL,FTE-TRAELC,ANNUAL,,,,,
REG1,PRC_TSL,FTE-TRAGAS,ANNUAL,,,,,
REG1,PRC_TSL,FTE-TRAGSL,ANNUAL,,,,,
REG1,PRC_TSL,FTE-TRAHFO,ANNUAL,,,,,
REG1,PRC_TSL,FTE-TRAKER,ANNUAL,,,,,
REG1,PRC_TSL,FTE-TRALPG,ANNUAL,,,,,
REG1,PRC_TSL,IMPCOA1,ANNUAL,,,,,
REG1,PRC_TSL,IMPDEMZ,ANNUAL,,,,,
REG1,PRC_TSL,IMPDSL1,ANNUAL,,,,,
REG1,PRC_TSL,IMPGAS1,ANNUAL,,,,,
REG1,PRC_TSL,IMPGSL1,ANNUAL,,,,,
REG1,PRC_TSL,IMPHFO1,ANNUAL,,,,,
REG1,PRC_TSL,IMPKER1,ANNUAL,,,,,
REG1,PRC_TSL,IMPLPG1,ANNUAL,,,,,
REG1,PRC_TSL,IMPMATZ,ANNUAL,,,,,
REG1,PRC_TSL,IMPNAP1,ANNUAL,,,,,
REG1,PRC_TSL,IMPNRGZ,ANNUAL,,,,,
REG1,PRC_TSL,IMPOIL1,ANNUAL,,,,,
REG1,PRC_TSL,IMPOPP1,ANNUAL,,,,,
REG1,PRC_TSL,MINCOA1,ANNUAL,,,,,
REG1,PRC_TSL,MINCOA2,ANNUAL,,,,,
REG1,PRC_TSL,MINCOA3,ANNUAL,,,,,
REG1,PRC_TSL,MINGAS1,ANNUAL,,,,,
REG1,PRC_TSL,MINGAS2,ANNUAL,,,,,
REG1,PRC_TSL,MINGAS3,ANNUAL,,,,,
REG1,PRC_TSL,MINNUC1,ANNUAL,,,,,
REG1,PRC_TSL,MINOIL1,ANNUAL,,,,,
REG1,PRC_TSL,MINOIL2,ANNUAL,,,,,
REG1,PRC_TSL,MINOIL3,ANNUAL,,,,,
REG1,PRC_TSL,MINRNW1,ANNUAL,,,,,
REG1,PRC_TSL,REFEOIL00,ANNUAL,,,,,
REG1,PRC_TSL,ROTEGAS,ANNUAL,,,,,
REG1,PRC_TSL,TB_ELC_REG1_REG2_01,DAYNITE,,,,,
REG1,PRC_TSL,TCAREDSL,ANNUAL,,,,,
REG1,PRC_TSL,TCAREGAS,ANNUAL,,,,,
REG1,PRC_TSL,TCAREGSL,ANNUAL,,,,,
REG1,PRC_TSL,TCARELPG,ANNUAL,,,,,
REG2,PRC_TSL,DTPSCOA,ANNUAL,,,,,
REG2,PRC_TSL,DTPSELC,ANNUAL,,,,,
REG2,PRC_TSL,ELCNENUC00,SEASON,,,,,
REG2,PRC_TSL,ELCRERNW00,DAYNITE,,,,,
REG2,PRC_TSL,ELCTECOA00,SEASON,,,,,
REG2,PRC_TSL,ELCTEGAS00,DAYNITE,,,,,
REG2,PRC_TSL,ELCTEOIL00,DAYNITE,,,,,
REG2,PRC_TSL,EXPCOA1,ANNUAL,,,,,
REG2,PRC_TSL,EXPDSL1,ANNUAL,,,,,
REG2,PRC_TSL,EXPGAS1,ANNUAL,,,,,
REG2,PRC_TSL,EXPGSL1,ANNUAL,,,,,
REG2,PRC_TSL,EXPHFO1,ANNUAL,,,,,
REG2,PRC_TSL,EXPKER1,ANNUAL,,,,,
REG2,PRC_TSL,EXPLPG1,ANNUAL,,,,,
REG2,PRC_TSL,EXPNAP1,ANNUAL,,,,,
REG2,PRC_TSL,EXPOIL1,ANNUAL,,,,,
REG2,PRC_TSL,EXPOPP1,ANNUAL,,,,,
REG2,PRC_TSL,FTE-ELCCOA,ANNUAL,,,,,
REG2,PRC_TSL,FTE-ELCGAS,ANNUAL,,,,,
REG2,PRC_TSL,FTE-ELCNUC,ANNUAL,,,,,
REG2,PRC_TSL,FTE-ELCOIL,ANNUAL,,,,,
REG2,PRC_TSL,FTE-ELCRNW,ANNUAL,,,,,
REG2,PRC_TSL,FTE-RSDGAS,ANNUAL,,,,,
REG2,PRC_TSL,FTE-TRADSL,ANNUAL,,,,,
REG2,PRC_TSL,FTE-TRAELC,ANNUAL,,,,,
REG2,PRC_TSL,FTE-TRAGAS,ANNUAL,,,,,
REG2,PRC_TSL,FTE-TRAGSL,ANNUAL,,,,,
REG2,PRC_TSL,FTE-TRAHFO,ANNUAL,,,,,
REG2,PRC_TSL,FTE-TRAKER,ANNUAL,,,,,
REG2,PRC_TSL,FTE-TRALPG,ANNUAL,,,,,
REG2,PRC_TSL,IMPCOA1,ANNUAL,,,,,
REG2,PRC_TSL,IMPDEMZ,ANNUAL,,,,,
REG2,PRC_TSL,IMPDSL1,ANNUAL,,,,,
REG2,PRC_TSL,IMPGAS1,ANNUAL,,,,,
REG2,PRC_TSL,IMPGSL1,ANNUAL,,,,,
REG2,PRC_TSL,IMPHFO1,ANNUAL,,,,,
REG2,PRC_TSL,IMPKER1,ANNUAL,,,,,
REG2,PRC_TSL,IMPLPG1,ANNUAL,,,,,
REG2,PRC_TSL,IMPMATZ,ANNUAL,,,,,
REG2,PRC_TSL,IMPNAP1,ANNUAL,,,,,
REG2,PRC_TSL,IMPNRGZ,ANNUAL,,,,,
REG2,PRC_TSL,IMPOIL1,ANNUAL,,,,,
REG2,PRC_TSL,IMPOPP1,ANNUAL,,,,,
REG2,PRC_TSL,MINCOA1,ANNUAL,,,,,
REG2,PRC_TSL,MINCOA2,ANNUAL,,,,,
REG2,PRC_TSL,MINCOA3,ANNUAL,,,,,
REG2,PRC_TSL,MINGAS1,ANNUAL,,,,,
REG2,PRC_TSL,MINGAS2,ANNUAL,,,,,
REG2,PRC_TSL,MINGAS3,ANNUAL,,,,,
REG2,PRC_TSL,MINNUC1,ANNUAL,,,,,
REG2,PRC_TSL,MINOIL1,ANNUAL,,,,,
REG2,PRC_TSL,MINOIL2,ANNUAL,,,,,
REG2,PRC_TSL,MINOIL3,ANNUAL,,,,,
REG2,PRC_TSL,MINRNW1,ANNUAL,,,,,
REG2,PRC_TSL,REFEOIL00,ANNUAL,,,,,
REG2,PRC_TSL,ROTEGAS,ANNUAL,,,,,
REG2,PRC_TSL,TB_ELC_REG1_REG2_01,DAYNITE,,,,,
REG2,PRC_TSL,TCAREDSL,ANNUAL,,,,,
REG2,PRC_TSL,TCAREGAS,ANNUAL,,,,,
REG2,PRC_TSL,TCAREGSL,ANNUAL,,,,,
REG2,PRC_TSL,TCARELPG,ANNUAL,,,,,
REG1,PRC_ACTUNT,DTPSCOA,TPSCOA,PJ,,,,
REG1,PRC_ACTUNT,DTPSELC,TPSELC,PJ,,,,
REG1,PRC_ACTUNT,ELCNENUC00,ELC,PJ,,,,
REG1,PRC_ACTUNT,ELCRERNW00,ELC,PJ,,,,
REG1,PRC_ACTUNT,ELCTECOA00,ELC,PJ,,,,
REG1,PRC_ACTUNT,ELCTEGAS00,ELC,PJ,,,,
REG1,PRC_ACTUNT,ELCTEOIL00,ELC,PJ,,,,
REG1,PRC_ACTUNT,EXPCOA1,COA,PJ,,,,
REG1,PRC_ACTUNT,EXPDSL1,DSL,PJ,,,,
REG1,PRC_ACTUNT,EXPGAS1,GAS,PJ,,,,
REG1,PRC_ACTUNT,EXPGSL1,GSL,PJ,,,,
REG1,PRC_ACTUNT,EXPHFO1,HFO,PJ,,,,
REG1,PRC_ACTUNT,EXPKER1,KER,PJ,,,,
REG1,PRC_ACTUNT,EXPLPG1,LPG,PJ,,,,
REG1,PRC_ACTUNT,EXPNAP1,NAP,PJ,,,,
REG1,PRC_ACTUNT,EXPOIL1,OIL,PJ,,,,
REG1,PRC_ACTUNT,EXPOPP1,OPP,PJ,,,,
REG1,PRC_ACTUNT,FTE-ELCCOA,ELCCOA,PJ,,,,
REG1,PRC_ACTUNT,FTE-ELCGAS,ELCGAS,PJ,,,,
REG1,PRC_ACTUNT,FTE-ELCNUC,ELCNUC,PJ,,,,
REG1,PRC_ACTUNT,FTE-ELCOIL,ELCOIL,PJ,,,,
REG1,PRC_ACTUNT,FTE-ELCRNW,ELCRNW,PJ,,,,
REG1,PRC_ACTUNT,FTE-RSDGAS,RSDGAS,PJ,,,,
REG1,PRC_ACTUNT,FTE-TRADSL,TRADSL,PJ,,,,
REG1,PRC_ACTUNT,FTE-TRAELC,TRAELC,PJ,,,,
REG1,PRC_ACTUNT,FTE-TRAGAS,TRAGAS,PJ,,,,
REG1,PRC_ACTUNT,FTE-TRAGSL,TRAGSL,PJ,,,,
REG1,PRC_ACTUNT,FTE-TRAHFO,TRAHFO,PJ,,,,
REG1,PRC_ACTUNT,FTE-TRAKER,TRAKER,PJ,,,,
REG1,PRC_ACTUNT,FTE-TRALPG,TRALPG,PJ,,,,
REG1,PRC_ACTUNT,IMPCOA1,COA,PJ,,,,
REG1,PRC_ACTUNT,IMPDEMZ,DEM,PJ,,,,
REG1,PRC_ACTUNT,IMPDSL1,DSL,PJ,,,,
REG1,PRC_ACTUNT,IMPGAS1,GAS,PJ,,,,
REG1,PRC_ACTUNT,IMPGSL1,GSL,PJ,,,,
REG1,PRC_ACTUNT,IMPHFO1,HFO,PJ,,,,
REG1,PRC_ACTUNT,IMPKER1,KER,PJ,,,,
REG1,PRC_ACTUNT,IMPLPG1,LPG,PJ,,,,
REG1,PRC_ACTUNT,IMPMATZ,MAT,Mt,,,,
REG1,PRC_ACTUNT,IMPNAP1,NAP,PJ,,,,
REG1,PRC_ACTUNT,IMPNRGZ,NRG,PJ,,,,
REG1,PRC_ACTUNT,IMPOIL1,OIL,PJ,,,,
REG1,PRC_ACTUNT,IMPOPP1,OPP,PJ,,,,
REG1,PRC_ACTUNT,MINCOA1,COA,PJ,,,,
REG1,PRC_ACTUNT,MINCOA2,COA,PJ,,,,
REG1,PRC_ACTUNT,MINCOA3,COA,PJ,,,,
REG1,PRC_ACTUNT,MINGAS1,GAS,PJ,,,,
REG1,PRC_ACTUNT,MINGAS2,GAS,PJ,,,,
REG1,PRC_ACTUNT,MINGAS3,GAS,PJ,,,,
REG1,PRC_ACTUNT,MINNUC1,NUC,PJ,,,,
REG1,PRC_ACTUNT,MINOIL1,OIL,PJ,,,,
REG1,PRC_ACTUNT,MINOIL2,OIL,PJ,,,,
REG1,PRC_ACTUNT,MINOIL3,OIL,PJ,,,,
REG1,PRC_ACTUNT,MINRNW1,RNW,PJ,,,,
REG1,PRC_ACTUNT,REFEOIL00,REFEOIL00_NRGI,PJ,,,,
REG1,PRC_ACTUNT,ROTEGAS,DROT,PJ,,,,
REG1,PRC_ACTUNT,TB_ELC_REG1_REG2_01,NRG,PJ,,,,
REG1,PRC_ACTUNT,TCAREDSL,TCAREDSL_DEMO,BPKM,,,,
REG1,PRC_ACTUNT,TCAREGAS,TCAREGAS_DEMO,BPKM,,,,
REG1,PRC_ACTUNT,TCAREGSL,TCAREGSL_DEMO,BPKM,,,,
REG1,PRC_ACTUNT,TCARELPG,TCARELPG_DEMO,BPKM,,,,
REG1,PRC_ACTUNT,TU_GAS_REG2_REG1_01,NRG,PJ,,,,
REG2,PRC_ACTUNT,DTPSCOA,TPSCOA,PJ,,,,
REG2,PRC_ACTUNT,DTPSELC,TPSELC,PJ,,,,
REG2,PRC_ACTUNT,ELCNENUC00,ELC,PJ,,,,
REG2,PRC_ACTUNT,ELCRERNW00,ELC,PJ,,,,
REG2,PRC_ACTUNT,ELCTECOA00,ELC,PJ,,,,
REG2,PRC_ACTUNT,ELCTEGAS00,ELC,PJ,,,,
REG2,PRC_ACTUNT,ELCTEOIL00,ELC,PJ,,,,
REG2,PRC_ACTUNT,EXPCOA1,COA,PJ,,,,
REG2,PRC_ACTUNT,EXPDSL1,DSL,PJ,,,,
REG2,PRC_ACTUNT,EXPGAS1,GAS,PJ,,,,
REG2,PRC_ACTUNT,EXPGSL1,GSL,PJ,,,,
REG2,PRC_ACTUNT,EXPHFO1,HFO,PJ,,,,
REG2,PRC_ACTUNT,EXPKER1,KER,PJ,,,,
REG2,PRC_ACTUNT,EXPLPG1,LPG,PJ,,,,
REG2,PRC_ACTUNT,EXPNAP1,NAP,PJ,,,,
REG2,PRC_ACTUNT,EXPOIL1,OIL,PJ,,,,
REG2,PRC_ACTUNT,EXPOPP1,OPP,PJ,,,,
REG2,PRC_ACTUNT,FTE-ELCCOA,ELCCOA,PJ,,,,
REG2,PRC_ACTUNT,FTE-ELCGAS,ELCGAS,PJ,,,,
REG2,PRC_ACTUNT,FTE-ELCNUC,ELCNUC,PJ,,,,
REG2,PRC_ACTUNT,FTE-ELCOIL,ELCOIL,PJ,,,,
REG2,PRC_ACTUNT,FTE-ELCRNW,ELCRNW,PJ,,,,
REG2,PRC_ACTUNT,FTE-RSDGAS,RSDGAS,PJ,,,,
REG2,PRC_ACTUNT,FTE-TRADSL,TRADSL,PJ,,,,
REG2,PRC_ACTUNT,FTE-TRAELC,TRAELC,PJ,,,,
REG2,PRC_ACTUNT,FTE-TRAGAS,TRAGAS,PJ,,,,
REG2,PRC_ACTUNT,FTE-TRAGSL,TRAGSL,PJ,,,,
REG2,PRC_ACTUNT,FTE-TRAHFO,TRAHFO,PJ,,,,
REG2,PRC_ACTUNT,FTE-TRAKER,TRAKER,PJ,,,,
REG2,PRC_ACTUNT,FTE-TRALPG,TRALPG,PJ,,,,
REG2,PRC_ACTUNT,IMPCOA1,COA,PJ,,,,
REG2,PRC_ACTUNT,IMPDEMZ,DEM,PJ,,,,
REG2,PRC_ACTUNT,IMPDSL1,DSL,PJ,,,,
REG2,PRC_ACTUNT,IMPGAS1,GAS,PJ,,,,
REG2,PRC_ACTUNT,IMPGSL1,GSL,PJ,,,,
REG2,PRC_ACTUNT,IMPHFO1,HFO,PJ,,,,
REG2,PRC_ACTUNT,IMPKER1,KER,PJ,,,,
REG2,PRC_ACTUNT,IMPLPG1,LPG,PJ,,,,
REG2,PRC_ACTUNT,IMPMATZ,MAT,Mt,,,,
REG2,PRC_ACTUNT,IMPNAP1,NAP,PJ,,,,
REG2,PRC_ACTUNT,IMPNRGZ,NRG,PJ,,,,
REG2,PRC_ACTUNT,IMPOIL1,OIL,PJ,,,,
REG2,PRC_ACTUNT,IMPOPP1,OPP,PJ,,,,
REG2,PRC_ACTUNT,MINCOA1,COA,PJ,,,,
REG2,PRC_ACTUNT,MINCOA2,COA,PJ,,,,
REG2,PRC_ACTUNT,MINCOA3,COA,PJ,,,,
REG2,PRC_ACTUNT,MINGAS1,GAS,PJ,,,,
REG2,PRC_ACTUNT,MINGAS2,GAS,PJ,,,,
REG2,PRC_ACTUNT,MINGAS3,GAS,PJ,,,,
REG2,PRC_ACTUNT,MINNUC1,NUC,PJ,,,,
REG2,PRC_ACTUNT,MINOIL1,OIL,PJ,,,,
REG2,PRC_ACTUNT,MINOIL2,OIL,PJ,,,,
REG2,PRC_ACTUNT,MINOIL3,OIL,PJ,,,,
REG2,PRC_ACTUNT,MINRNW1,RNW,PJ,,,,
REG2,PRC_ACTUNT,REFEOIL00,REFEOIL00_NRGI,PJ,,,,
REG2,PRC_ACTUNT,ROTEGAS,DROT,PJ,,,,
REG2,PRC_ACTUNT,TB_ELC_REG1_REG2_01,NRG,PJ,,,,
REG2,PRC_ACTUNT,TCAREDSL,TCAREDSL_DEMO,BPKM,,,,
REG2,PRC_ACTUNT,TCAREGAS,TCAREGAS_DEMO,BPKM,,,,
REG2,PRC_ACTUNT,TCAREGSL,TCAREGSL_DEMO,BPKM,,,,
REG2,PRC_ACTUNT,TCARELPG,TCARELPG_DEMO,BPKM,,,,
REG2,PRC_ACTUNT,TU_GAS_REG2_REG1_01,NRG,PJ,,,,
REG1,TOP,DTPSCOA,COA,IN,,,,
REG1,TOP,DTPSCOA,TPSCOA,OUT,,,,
REG1,TOP,DTPSELC,ELC,IN,,,,
REG1,TOP,DTPSELC,TPSELC,OUT,,,,
REG1,TOP,ELCNENUC00,ELC,OUT,,,,
REG1,TOP,ELCNENUC00,ELCNUC,IN,,,,
REG1,TOP,ELCRERNW00,ELC,OUT,,,,
REG1,TOP,ELCRERNW00,ELCRNW,IN,,,,
REG1,TOP,ELCTECOA00,ELC,OUT,,,,
REG1,TOP,ELCTECOA00,ELCCO2,OUT,,,,
REG1,TOP,ELCTECOA00,ELCCOA,IN,,,,
REG1,TOP,ELCTEGAS00,ELC,OUT,,,,
REG1,TOP,ELCTEGAS00,ELCCO2,OUT,,,,
REG1,TOP,ELCTEGAS00,ELCGAS,IN,,,,
REG1,TOP,ELCTEOIL00,ELC,OUT,,,,
REG1,TOP,ELCTEOIL00,ELCCO2,OUT,,,,
REG1,TOP,ELCTEOIL00,ELCOIL,IN,,,,
REG1,TOP,EXPCOA1,COA,IN,,,,
REG1,TOP,EXPDSL1,DSL,IN,,,,
REG1,TOP,EXPGAS1,GAS,IN,,,,
REG1,TOP,EXPGSL1,GSL,IN,,,,
REG1,TOP,EXPHFO1,HFO,IN,,,,
REG1,TOP,EXPKER1,KER,IN,,,,
REG1,TOP,EXPLPG1,LPG,IN,,,,
REG1,TOP,EXPNAP1,NAP,IN,,,,
REG1,TOP,EXPOIL1,OIL,IN,,,,
REG1,TOP,EXPOPP1,OPP,IN,,,,
REG1,TOP,FTE-ELCCOA,COA,IN,,,,
REG1,TOP,FTE-ELCCOA,ELCCOA,OUT,,,,
REG1,TOP,FTE-ELCGAS,ELCGAS,OUT,,,,
REG1,TOP,FTE-ELCGAS,GAS,IN,,,,
REG1,TOP,FTE-ELCNUC,ELCNUC,OUT,,,,
REG1,TOP,FTE-ELCNUC,NUC,IN,,,,
REG1,TOP,FTE-ELCOIL,DSL,IN,,,,
REG1,TOP,FTE-ELCOIL,ELCOIL,OUT,,,,
REG1,TOP,FTE-ELCOIL,HFO,IN,,,,
REG1,TOP,FTE-ELCOIL,LPG,IN,,,,
REG1,TOP,FTE-ELCOIL,OPP,IN,,,,
REG1,TOP,FTE-ELCRNW,ELCRNW,OUT,,,,
REG1,TOP,FTE-ELCRNW,RNW,IN,,,,
REG1,TOP,FTE-RSDGAS,GAS,IN,,,,
REG1,TOP,FTE-RSDGAS,RSDGAS,OUT,,,,
REG1,TOP,FTE-TRADSL,DSL,IN,,,,
REG1,TOP,FTE-TRADSL,TRADSL,OUT,,,,
REG1,TOP,FTE-TRAELC,ELC,IN,,,,
REG1,TOP,FTE-TRAELC,TRAELC,OUT,,,,
REG1,TOP,FTE-TRAGAS,GAS,IN,,,,
REG1,TOP,FTE-TRAGAS,TRAGAS,OUT,,,,
REG1,TOP,FTE-TRAGSL,GSL,IN,,,,
REG1,TOP,FTE-TRAGSL,TRAGSL,OUT,,,,
REG1,TOP,FTE-TRAHFO,HFO,IN,,,,
REG1,TOP,FTE-TRAHFO,TRAHFO,OUT,,,,
REG1,TOP,FTE-TRAKER,KER,IN,,,,
REG1,TOP,FTE-TRAKER,TRAKER,OUT,,,,
REG1,TOP,FTE-TRALPG,LPG,IN,,,,
REG1,TOP,FTE-TRALPG,TRALPG,OUT,,,,
REG1,TOP,IMPCOA1,COA,OUT,,,,
REG1,TOP,IMPDSL1,DSL,OUT,,,,
REG1,TOP,IMPGAS1,GAS,OUT,,,,
REG1,TOP,IMPGSL1,GSL,OUT,,,,
REG1,TOP,IMPHFO1,HFO,OUT,,,,
REG1,TOP,IMPKER1,KER,OUT,,,,
REG1,TOP,IMPLPG1,LPG,OUT,,,,
REG1,TOP,IMPNAP1,NAP,OUT,,,,
REG1,TOP,IMPOIL1,OIL,OUT,,,,
REG1,TOP,IMPOPP1,OPP,OUT,,,,
REG1,TOP,MINCOA1,COA,OUT,,,,
REG1,TOP,MINCOA2,COA,OUT,,,,
REG1,TOP,MINCOA3,COA,OUT,,,,
REG1,TOP,MINGAS1,GAS,OUT,,,,
REG1,TOP,MINGAS2,GAS,OUT,,,,
REG1,TOP,MINGAS3,GAS,OUT,,,,
REG1,TOP,MINNUC1,NUC,OUT,,,,
REG1,TOP,MINOIL1,OIL,OUT,,,,
REG1,TOP,MINOIL2,OIL,OUT,,,,
REG1,TOP,MINOIL3,OIL,OUT,,,,
REG1,TOP,MINRNW1,RNW,OUT,,,,
REG1,TOP,REFEOIL00,DSL,OUT,,,,
REG1,TOP,REFEOIL00,GSL,OUT,,,,
REG1,TOP,REFEOIL00,HFO,OUT,,,,
REG1,TOP,REFEOIL00,KER,OUT,,,,
REG1,TOP,REFEOIL00,LPG,OUT,,,,
REG1,TOP,REFEOIL00,NAP,OUT,,,,
REG1,TOP,REFEOIL00,OIL,IN,,,,
REG1,TOP,REFEOIL00,OPP,OUT,,,,
REG1,TOP,ROTEGAS,DROT,OUT,,,,
REG1,TOP,ROTEGAS,RSDCO2,OUT,,,,
REG1,TOP,ROTEGAS,RSDGAS,IN,,,,
REG1,TOP,TCAREDSL,DTCAR,OUT,,,,
REG1,TOP,TCAREDSL,TRADSL,IN,,,,
REG1,TOP,TCAREGAS,DTCAR,OUT,,,,
REG1,TOP,TCAREGAS,TRAGAS,IN,,,,
REG1,TOP,TCAREGSL,DTCAR,OUT,,,,
REG1,TOP,TCAREGSL,TRAGSL,IN,,,,
REG1,TOP,TCARELPG,DTCAR,OUT,,,,
REG1,TOP,TCARELPG,TRALPG,IN,,,,
REG2,TOP,DTPSCOA,COA,IN,,,,
REG2,TOP,DTPSCOA,TPSCOA,OUT,,,,
REG2,TOP,DTPSELC,ELC,IN,,,,
REG2,TOP,DTPSELC,TPSELC,OUT,,,,
REG2,TOP,ELCNENUC00,ELC,OUT,,,,
REG2,TOP,ELCNENUC00,ELCNUC,IN,,,,
REG2,TOP,ELCRERNW00,ELC,OUT,,,,
REG2,TOP,ELCRERNW00,ELCRNW,IN,,,,
REG2,TOP,ELCTECOA00,ELC,OUT,,,,
REG2,TOP,ELCTECOA00,ELCCO2,OUT,,,,
REG2,TOP,ELCTECOA00,ELCCOA,IN,,,,
REG2,TOP,ELCTEGAS00,ELC,OUT,,,,
REG2,TOP,ELCTEGAS00,ELCCO2,OUT,,,,
REG2,TOP,ELCTEGAS00,ELCGAS,IN,,,,
REG2,TOP,ELCTEOIL00,ELC,OUT,,,,
REG2,TOP,ELCTEOIL00,ELCCO2,OUT,,,,
REG2,TOP,ELCTEOIL00,ELCOIL,IN,,,,
REG2,TOP,EXPCOA1,COA,IN,,,,
REG2,TOP,EXPDSL1,DSL,IN,,,,
REG2,TOP,EXPGAS1,GAS,IN,,,,
REG2,TOP,EXPGSL1,GSL,IN,,,,
REG2,TOP,EXPHFO1,HFO,IN,,,,
REG2,TOP,EXPKER1,KER,IN,,,,
REG2,TOP,EXPLPG1,LPG,IN,,,,
REG2,TOP,EXPNAP1,NAP,IN,,,,
REG2,TOP,EXPOIL1,OIL,IN,,,,
REG2,TOP,EXPOPP1,OPP,IN,,,,
REG2,TOP,FTE-ELCCOA,COA,IN,,,,
REG2,TOP,FTE-ELCCOA,ELCCOA,OUT,,,,
REG2,TOP,FTE-ELCGAS,ELCGAS,OUT,,,,
REG2,TOP,FTE-ELCGAS,GAS,IN,,,,
REG2,TOP,FTE-ELCNUC,ELCNUC,OUT,,,,
REG2,TOP,FTE-ELCNUC,NUC,IN,,,,
REG2,TOP,FTE-ELCOIL,DSL,IN,,,,
REG2,TOP,FTE-ELCOIL,ELCOIL,OUT,,,,
REG2,TOP,FTE-ELCOIL,HFO,IN,,,,
REG2,TOP,FTE-ELCOIL,LPG,IN,,,,
REG2,TOP,FTE-ELCOIL,OPP,IN,,,,
REG2,TOP,FTE-ELCRNW,ELCRNW,OUT,,,,
REG2,TOP,FTE-ELCRNW,RNW,IN,,,,
REG2,TOP,FTE-RSDGAS,GAS,IN,,,,
REG2,TOP,FTE-RSDGAS,RSDGAS,OUT,,,,
REG2,TOP,FTE-TRADSL,DSL,IN,,,,
REG2,TOP,FTE-TRADSL,TRADSL,OUT,,,,
REG2,TOP,FTE-TRAELC,ELC,IN,,,,
REG2,TOP,FTE-TRAELC,TRAELC,OUT,,,,
REG2,TOP,FTE-TRAGAS,GAS,IN,,,,
REG2,TOP,FTE-TRAGAS,TRAGAS,OUT,,,,
REG2,TOP,FTE-TRAGSL,GSL,IN,,,,
REG2,TOP,FTE-TRAGSL,TRAGSL,OUT,,,,
REG2,TOP,FTE-TRAHFO,HFO,IN,,,,
REG2,TOP,FTE-TRAHFO,TRAHFO,OUT,,,,
REG2,TOP,FTE-TRAKER,KER,IN,,,,
REG2,TOP,FTE-TRAKER,TRAKER,OUT,,,,
REG2,TOP,FTE-TRALPG,LPG,IN,,,,
REG2,TOP,FTE-TRALPG,TRALPG,OUT,,,,
REG2,TOP,IMPCOA1,COA,OUT,,,,
REG2,TOP,IMPDSL1,DSL,OUT,,,,
REG2,TOP,IMPGAS1,GAS,OUT,,,,
REG2,TOP,IMPGSL1,GSL,OUT,,,,
REG2,TOP,IMPHFO1,HFO,OUT,,,,
REG2,TOP,IMPKER1,KER,OUT,,,,
REG2,TOP,IMPLPG1,LPG,OUT,,,,
REG2,TOP,IMPNAP1,NAP,OUT,,,,
REG2,TOP,IMPOIL1,OIL,OUT,,,,
REG2,TOP,IMPOPP1,OPP,OUT,,,,
REG2,TOP,MINCOA1,COA,OUT,,,,
REG2,TOP,MINCOA2,COA,OUT,,,,
REG2,TOP,MINCOA3,COA,OUT,,,,
REG2,TOP,MINGAS1,GAS,OUT,,,,
REG2,TOP,MINGAS2,GAS,OUT,,,,
REG2,TOP,MINGAS3,GAS,OUT,,,,
REG2,TOP,MINNUC1,NUC,OUT,,,,
REG2,TOP,MINOIL1,OIL,OUT,,,,
REG2,TOP,MINOIL2,OIL,OUT,,,,
REG2,TOP,MINOIL3,OIL,OUT,,,,
REG2,TOP,MINRNW1,RNW,OUT,,,,
REG2,TOP,REFEOIL00,DSL,OUT,,,,
REG2,TOP,REFEOIL00,GSL,OUT,,,,
REG2,TOP,REFEOIL00,HFO,OUT,,,,
REG2,TOP,REFEOIL00,KER,OUT,,,,
REG2,TOP,REFEOIL00,LPG,OUT,,,,
REG2,TOP,REFEOIL00,NAP,OUT,,,,
REG2,TOP,REFEOIL00,OIL,IN,,,,
REG2,TOP,REFEOIL00,OPP,OUT,,,,
REG2,TOP,ROTEGAS,DROT,OUT,,,,
REG2,TOP,ROTEGAS,RSDCO2,OUT,,,,
REG2,TOP,ROTEGAS,RSDGAS,IN,,,,
REG2,TOP,TCAREDSL,DTCAR,OUT,,,,
REG2,TOP,TCAREDSL,TRADSL,IN,,,,
REG2,TOP,TCAREGAS,DTCAR,OUT,,,,
REG2,TOP,TCAREGAS,TRAGAS,IN,,,,
REG2,TOP,TCAREGSL,DTCAR,OUT,,,,
REG2,TOP,TCAREGSL,TRAGSL,IN,,,,
REG2,TOP,TCARELPG,DTCAR,OUT,,,,
REG2,TOP,TCARELPG,TRALPG,IN,,,,
IMPEXP,TOP_IRE,COA,REG1,COA,IMPCOA1,,,
IMPEXP,TOP_IRE,COA,REG1,COA,IMPNRGZ,,,
IMPEXP,TOP_IRE,COA,REG2,COA,IMPCOA1,,,
IMPEXP,TOP_IRE,COA,REG2,COA,IMPNRGZ,,,
IMPEXP,TOP_IRE,DROT,REG1,DROT,IMPDEMZ,,,
IMPEXP,TOP_IRE,DROT,REG2,DROT,IMPDEMZ,,,
IMPEXP,TOP_IRE,DSL,REG1,DSL,IMPDSL1,,,
IMPEXP,TOP_IRE,DSL,REG1,DSL,IMPNRGZ,,,
IMPEXP,TOP_IRE,DSL,REG2,DSL,IMPDSL1,,,
IMPEXP,TOP_IRE,DSL,REG2,DSL,IMPNRGZ,,,
IMPEXP,TOP_IRE,DTCAR,REG1,DTCAR,IMPDEMZ,,,
IMPEXP,TOP_IRE,DTCAR,REG2,DTCAR,IMPDEMZ,,,
IMPEXP,TOP_IRE,ELC,REG1,ELC,IMPNRGZ,,,
IMPEXP,TOP_IRE,ELC,REG2,ELC,IMPNRGZ,,,
IMPEXP,TOP_IRE,ELCCOA,REG1,ELCCOA,IMPNRGZ,,,
IMPEXP,TOP_IRE,ELCCOA,REG2,ELCCOA,IMPNRGZ,,,
IMPEXP,TOP_IRE,ELCGAS,REG1,ELCGAS,IMPNRGZ,,,
IMPEXP,TOP_IRE,ELCGAS,REG2,ELCGAS,IMPNRGZ,,,
IMPEXP,TOP_IRE,ELCNUC,REG1,ELCNUC,IMPNRGZ,,,
IMPEXP,TOP_IRE,ELCNUC,REG2,ELCNUC,IMPNRGZ,,,
IMPEXP,TOP_IRE,ELCOIL,REG1,ELCOIL,IMPNRGZ,,,
IMPEXP,TOP_IRE,ELCOIL,REG2,ELCOIL,IMPNRGZ,,,
IMPEXP,TOP_IRE,ELCRNW,REG1,ELCRNW,IMPNRGZ,,,
IMPEXP,TOP_IRE,ELCRNW,REG2,ELCRNW,IMPNRGZ,,,
IMPEXP,TOP_IRE,GAS,REG1,GAS,IMPGAS1,,,
IMPEXP,TOP_IRE,GAS,REG1,GAS,IMPNRGZ,,,
IMPEXP,TOP_IRE,GAS,REG2,GAS,IMPGAS1,,,
IMPEXP,TOP_IRE,GAS,REG2,GAS,IMPNRGZ,,,
IMPEXP,TOP_IRE,GSL,REG1,GSL,IMPGSL1,,,
IMPEXP,TOP_IRE,GSL,REG1,GSL,IMPNRGZ,,,
IMPEXP,TOP_IRE,GSL,REG2,GSL,IMPGSL1,,,
IMPEXP,TOP_IRE,GSL,REG2,GSL,IMPNRGZ,,,
IMPEXP,TOP_IRE,HFO,REG1,HFO,IMPHFO1,,,
IMPEXP,TOP_IRE,HFO,REG1,HFO,IMPNRGZ,,,
IMPEXP,TOP_IRE,HFO,REG2,HFO,IMPHFO1,,,
IMPEXP,TOP_IRE,HFO,REG2,HFO,IMPNRGZ,,,
IMPEXP,TOP_IRE,KER,REG1,KER,IMPKER1,,,
IMPEXP,TOP_IRE,KER,REG1,KER,IMPNRGZ,,,
IMPEXP,TOP_IRE,KER,REG2,KER,IMPKER1,,,
IMPEXP,TOP_IRE,KER,REG2,KER,IMPNRGZ,,,
IMPEXP,TOP_IRE,LPG,REG1,LPG,IMPLPG1,,,
IMPEXP,TOP_IRE,LPG,REG1,LPG,IMPNRGZ,,,
IMPEXP,TOP_IRE,LPG,REG2,LPG,IMPLPG1,,,
IMPEXP,TOP_IRE,LPG,REG2,LPG,IMPNRGZ,,,
IMPEXP,TOP_IRE,NAP,REG1,NAP,IMPNAP1,,,
IMPEXP,TOP_IRE,NAP,REG1,NAP,IMPNRGZ,,,
IMPEXP,TOP_IRE,NAP,REG2,NAP,IMPNAP1,,,
IMPEXP,TOP_IRE,NAP,REG2,NAP,IMPNRGZ,,,
IMPEXP,TOP_IRE,NUC,REG1,NUC,IMPNRGZ,,,
IMPEXP,TOP_IRE,NUC,REG2,NUC,IMPNRGZ,,,
IMPEXP,TOP_IRE,OIL,REG1,OIL,IMPNRGZ,,,
IMPEXP,TOP_IRE,OIL,REG1,OIL,IMPOIL1,,,
IMPEXP,TOP_IRE,OIL,REG2,OIL,IMPNRGZ,,,
IMPEXP,TOP_IRE,OIL,REG2,OIL,IMPOIL1,,,
IMPEXP,TOP_IRE,OPP,REG1,OPP,IMPNRGZ,,,
IMPEXP,TOP_IRE,OPP,REG1,OPP,IMPOPP1,,,
IMPEXP,TOP_IRE,OPP,REG2,OPP,IMPNRGZ,,,
IMPEXP,TOP_IRE,OPP,REG2,OPP,IMPOPP1,,,
IMPEXP,TOP_IRE,RNW,REG1,RNW,IMPNRGZ,,,
IMPEXP,TOP_IRE,RNW,REG2,RNW,IMPNRGZ,,,
IMPEXP,TOP_IRE,RSDGAS,REG1,RSDGAS,IMPNRGZ,,,
IMPEXP,TOP_IRE,RSDGAS,REG2,RSDGAS,IMPNRGZ,,,
IMPEXP,TOP_IRE,TPSCOA,REG1,TPSCOA,IMPDEMZ,,,
IMPEXP,TOP_IRE,TPSCOA,REG2,TPSCOA,IMPDEMZ,,,
IMPEXP,TOP_IRE,TPSELC,REG1,TPSELC,IMPDEMZ,,,
IMPEXP,TOP_IRE,TPSELC,REG2,TPSELC,IMPDEMZ,,,
IMPEXP,TOP_IRE,TRADSL,REG1,TRADSL,IMPNRGZ,,,
IMPEXP,TOP_IRE,TRADSL,REG2,TRADSL,IMPNRGZ,,,
IMPEXP,TOP_IRE,TRAELC,REG1,TRAELC,IMPNRGZ,,,
IMPEXP,TOP_IRE,TRAELC,REG2,TRAELC,IMPNRGZ,,,
IMPEXP,TOP_IRE,TRAGAS,REG1,TRAGAS,IMPNRGZ,,,
IMPEXP,TOP_IRE,TRAGAS,REG2,TRAGAS,IMPNRGZ,,,
IMPEXP,TOP_IRE,TRAGSL,REG1,TRAGSL,IMPNRGZ,,,
IMPEXP,TOP_IRE,TRAGSL,REG2,TRAGSL,IMPNRGZ,,,
IMPEXP,TOP_IRE,TRAHFO,REG1,TRAHFO,IMPNRGZ,,,
IMPEXP,TOP_IRE,TRAHFO,REG2,TRAHFO,IMPNRGZ,,,
IMPEXP,TOP_IRE,TRAKER,REG1,TRAKER,IMPNRGZ,,,
IMPEXP,TOP_IRE,TRAKER,REG2,TRAKER,IMPNRGZ,,,
IMPEXP,TOP_IRE,TRALPG,REG1,TRALPG,IMPNRGZ,,,
IMPEXP,TOP_IRE,TRALPG,REG2,TRALPG,IMPNRGZ,,,
MINRNW,TOP_IRE,COA,REG1,COA,MINCOA1,,,
MINRNW,TOP_IRE,COA,REG1,COA,MINCOA2,,,
MINRNW,TOP_IRE,COA,REG1,COA,MINCOA3,,,
MINRNW,TOP_IRE,COA,REG2,COA,MINCOA1,,,
MINRNW,TOP_IRE,COA,REG2,COA,MINCOA2,,,
MINRNW,TOP_IRE,COA,REG2,COA,MINCOA3,,,
MINRNW,TOP_IRE,GAS,REG1,GAS,MINGAS1,,,
MINRNW,TOP_IRE,GAS,REG1,GAS,MINGAS2,,,
MINRNW,TOP_IRE,GAS,REG1,GAS,MINGAS3,,,
MINRNW,TOP_IRE,GAS,REG2,GAS,MINGAS1,,,
MINRNW,TOP_IRE,GAS,REG2,GAS,MINGAS2,,,
MINRNW,TOP_IRE,GAS,REG2,GAS,MINGAS3,,,
MINRNW,TOP_IRE,NUC,REG1,NUC,MINNUC1,,,
MINRNW,TOP_IRE,NUC,REG2,NUC,MINNUC1,,,
MINRNW,TOP_IRE,OIL,REG1,OIL,MINOIL1,,,
MINRNW,TOP_IRE,OIL,REG1,OIL,MINOIL2,,,
MINRNW,TOP_IRE,OIL,REG1,OIL,MINOIL3,,,
MINRNW,TOP_IRE,OIL,REG2,OIL,MINOIL1,,,
MINRNW,TOP_IRE,OIL,REG2,OIL,MINOIL2,,,
MINRNW,TOP_IRE,OIL,REG2,OIL,MINOIL3,,,
MINRNW,TOP_IRE,RNW,REG1,RNW,MINRNW1,,,
MINRNW,TOP_IRE,RNW,REG2,RNW,MINRNW1,,,
REG1,TOP_IRE,COA,IMPEXP,COA,EXPCOA1,,,
REG1,TOP_IRE,DSL,IMPEXP,DSL,EXPDSL1,,,
REG1,TOP_IRE,ELC,REG2,ELC,TB_ELC_REG1_REG2_01,,,
REG1,TOP_IRE,GAS,IMPEXP,GAS,EXPGAS1,,,
REG1,TOP_IRE,GSL,IMPEXP,GSL,EXPGSL1,,,
REG1,TOP_IRE,HFO,IMPEXP,HFO,EXPHFO1,,,
REG1,TOP_IRE,KER,IMPEXP,KER,EXPKER1,,,
REG1,TOP_IRE,LPG,IMPEXP,LPG,EXPLPG1,,,
REG1,TOP_IRE,NAP,IMPEXP,NAP,EXPNAP1,,,
REG1,TOP_IRE,OIL,IMPEXP,OIL,EXPOIL1,,,
REG1,TOP_IRE,OPP,IMPEXP,OPP,EXPOPP1,,,
REG2,TOP_IRE,COA,IMPEXP,COA,EXPCOA1,,,
REG2,TOP_IRE,DSL,IMPEXP,DSL,EXPDSL1,,,
REG2,TOP_IRE,ELC,REG1,ELC,TB_ELC_REG1_REG2_01,,,
REG2,TOP_IRE,GAS,IMPEXP,GAS,EXPGAS1,,,
REG2,TOP_IRE,GAS,REG1,GAS,TU_GAS_REG2_REG1_01,,,
REG2,TOP_IRE,GSL,IMPEXP,GSL,EXPGSL1,,,
REG2,TOP_IRE,HFO,IMPEXP,HFO,EXPHFO1,,,
REG2,TOP_IRE,KER,IMPEXP,KER,EXPKER1,,,
REG2,TOP_IRE,LPG,IMPEXP,LPG,EXPLPG1,,,
REG2,TOP_IRE,NAP,IMPEXP,NAP,EXPNAP1,,,
REG2,TOP_IRE,OIL,IMPEXP,OIL,EXPOIL1,,,
REG2,TOP_IRE,OPP,IMPEXP,OPP,EXPOPP1,,,
REG1,PRC_DESC,DTPSCOA' 'Demand Technology Total Primary Supply - COA,,,,,,
REG1,PRC_DESC,DTPSELC' 'Demand Technology Total Primary Supply - ELC,,,,,,
REG1,PRC_DESC,ELCNENUC00' 'Power Plants Existing00 - Renewable Energies,,,,,,
REG1,PRC_DESC,ELCRERNW00' 'Power Plants Existing00 - Renewable Energies,,,,,,
REG1,PRC_DESC,ELCTECOA00' 'Power Plants Existing00 - Solid Fuels,,,,,,
REG1,PRC_DESC,ELCTEGAS00' 'Power Plants Existing00 - Natural Gas,,,,,,
REG1,PRC_DESC,ELCTEOIL00' 'Power Plants Existing00 - Crude Oil,,,,,,
REG1,PRC_DESC,EXPCOA1' 'Export of Solid Fuels Step 1,,,,,,
REG1,PRC_DESC,EXPDSL1' 'Export of Diesel oil Step 1,,,,,,
REG1,PRC_DESC,EXPGAS1' 'Export of Natural Gas Step 1,,,,,,
REG1,PRC_DESC,EXPGSL1' 'Export of Motor spirit Step 1,,,,,,
REG1,PRC_DESC,EXPHFO1' 'Export of Heavy Fuel Oil Step 1,,,,,,
REG1,PRC_DESC,EXPKER1' 'Export of Kerosenes Step 1,,,,,,
REG1,PRC_DESC,EXPLPG1' 'Export of LPG Step 1,,,,,,
REG1,PRC_DESC,EXPNAP1' 'Export of Naphtha Step 1,,,,,,
REG1,PRC_DESC,EXPOIL1' 'Export of Crude Oil Step 1,,,,,,
REG1,PRC_DESC,EXPOPP1' 'Export of Other Petroleum Products Step 1,,,,,,
REG1,PRC_DESC,FTE-ELCCOA' 'Sector Fuel Technology Existing Electricity Plants Solid Fuels,,,,,,
REG1,PRC_DESC,FTE-ELCGAS' 'Sector Fuel Technology Existing Electricity Plants Natural Gas,,,,,,
REG1,PRC_DESC,FTE-ELCNUC' 'Sector Fuel Technology Existing Electricity Plants Nuclear Energy,,,,,,
REG1,PRC_DESC,FTE-ELCOIL' 'Sector Fuel Technology Existing Electricity Plants Crude Oil,,,,,,
REG1,PRC_DESC,FTE-ELCRNW' 'Sector Fuel Technology Existing Electricity Plants Renewable Energies,,,,,,
REG1,PRC_DESC,FTE-RSDGAS' 'Sector Fuel Technology Existing Residential Natural Gas,,,,,,
REG1,PRC_DESC,FTE-TRADSL' 'Sector Fuel Technology Existing Transport Diesel oil,,,,,,
REG1,PRC_DESC,FTE-TRAELC' 'Sector Fuel Technology Existing Transport Electricity,,,,,,
REG1,PRC_DESC,FTE-TRAGAS' 'Sector Fuel Technology Existing Transport Natural Gas,,,,,,
REG1,PRC_DESC,FTE-TRAGSL' 'Sector Fuel Technology Existing Transport Motor spirit,,,,,,
REG1,PRC_DESC,FTE-TRAHFO' 'Sector Fuel Technology Existing Transport Heavy Fuel Oil,,,,,,
REG1,PRC_DESC,FTE-TRAKER' 'Sector Fuel Technology Existing Transport Kerosenes,,,,,,
REG1,PRC_DESC,FTE-TRALPG' 'Sector Fuel Technology Existing Transport LPG,,,,,,
REG1,PRC_DESC,IMPCOA1' 'Import of Solid Fuels Step 1,,,,,,
REG1,PRC_DESC,IMPDEMZ' 'Dummy Import of DEM,,,,,,
REG1,PRC_DESC,IMPDSL1' 'Import of Diesel oil Step 1,,,,,,
REG1,PRC_DESC,IMPGAS1' 'Import of Natural Gas Step 1,,,,,,
REG1,PRC_DESC,IMPGSL1' 'Import of Motor spirit Step 1,,,,,,
REG1,PRC_DESC,IMPHFO1' 'Import of Heavy Fuel Oil Step 1,,,,,,
REG1,PRC_DESC,IMPKER1' 'Import of Kerosenes Step 1,,,,,,
REG1,PRC_DESC,IMPLPG1' 'Import of LPG Step 1,,,,,,
REG1,PRC_DESC,IMPMATZ' 'Dummy Import of MAT,,,,,,
REG1,PRC_DESC,IMPNAP1' 'Import of Naphtha Step 1,,,,,,
REG1,PRC_DESC,IMPNRGZ' 'Dummy Import of NRG,,,,,,
REG1,PRC_DESC,IMPOIL1' 'Import of Crude Oil Step 1,,,,,,
REG1,PRC_DESC,IMPOPP1' 'Import of Other Petroleum Products Step 1,,,,,,
REG1,PRC_DESC,MINCOA1' 'Domestic Supply of Solid Fuels Step 1,,,,,,
REG1,PRC_DESC,MINCOA2' 'Domestic Supply of Solid Fuels Step 2,,,,,,
REG1,PRC_DESC,MINCOA3' 'Domestic Supply of Solid Fuels Step 3,,,,,,
REG1,PRC_DESC,MINGAS1' 'Domestic Supply of Natural Gas Step 1,,,,,,
REG1,PRC_DESC,MINGAS2' 'Domestic Supply of Natural Gas Step 2,,,,,,
REG1,PRC_DESC,MINGAS3' 'Domestic Supply of Natural Gas Step 3,,,,,,
REG1,PRC_DESC,MINNUC1' 'Domestic Supply of Nuclear Energy Step 1,,,,,,
REG1,PRC_DESC,MINOIL1' 'Domestic Supply of Crude Oil Step 1,,,,,,
REG1,PRC_DESC,MINOIL2' 'Domestic Supply of Crude Oil Step 2,,,,,,
REG1,PRC_DESC,MINOIL3' 'Domestic Supply of Crude Oil Step 3,,,,,,
REG1,PRC_DESC,MINRNW1' 'Domestic Supply of Renewable Energies Step 1,,,,,,
REG1,PRC_DESC,REFEOIL00' 'Refinery Existing00,,,,,,
REG1,PRC_DESC,ROTEGAS' 'Demand Technologies Residential Sector -  Existing Other - Natural Gas,,,,,,
REG1,PRC_DESC,TB_ELC_REG1_REG2_01' 'IRE(B) - ELC from reg1 to reg2,,,,,,
REG1,PRC_DESC,TCAREDSL' 'Demand Technologies Transport Sector -  Existing Cars - Diesel oil,,,,,,
REG1,PRC_DESC,TCAREGAS' 'Demand Technologies Transport Sector -  Existing Cars - Natural Gas,,,,,,
REG1,PRC_DESC,TCAREGSL' 'Demand Technologies Transport Sector -  Existing Cars - Motor spirit,,,,,,
REG1,PRC_DESC,TCARELPG' 'Demand Technologies Transport Sector -  Existing Cars - LPG,,,,,,
REG1,PRC_DESC,TU_GAS_REG2_REG1_01' 'IRE(U) - GAS from reg2 to reg1,,,,,,
REG2,PRC_DESC,DTPSCOA' 'Demand Technology Total Primary Supply - COA,,,,,,
REG2,PRC_DESC,DTPSELC' 'Demand Technology Total Primary Supply - ELC,,,,,,
REG2,PRC_DESC,ELCNENUC00' 'Power Plants Existing00 - Renewable Energies,,,,,,
REG2,PRC_DESC,ELCRERNW00' 'Power Plants Existing00 - Renewable Energies,,,,,,
REG2,PRC_DESC,ELCTECOA00' 'Power Plants Existing00 - Solid Fuels,,,,,,
REG2,PRC_DESC,ELCTEGAS00' 'Power Plants Existing00 - Natural Gas,,,,,,
REG2,PRC_DESC,ELCTEOIL00' 'Power Plants Existing00 - Crude Oil,,,,,,
REG2,PRC_DESC,EXPCOA1' 'Export of Solid Fuels Step 1,,,,,,
REG2,PRC_DESC,EXPDSL1' 'Export of Diesel oil Step 1,,,,,,
REG2,PRC_DESC,EXPGAS1' 'Export of Natural Gas Step 1,,,,,,
REG2,PRC_DESC,EXPGSL1' 'Export of Motor spirit Step 1,,,,,,
REG2,PRC_DESC,EXPHFO1' 'Export of Heavy Fuel Oil Step 1,,,,,,
REG2,PRC_DESC,EXPKER1' 'Export of Kerosenes Step 1,,,,,,
REG2,PRC_DESC,EXPLPG1' 'Export of LPG Step 1,,,,,,
REG2,PRC_DESC,EXPNAP1' 'Export of Naphtha Step 1,,,,,,
REG2,PRC_DESC,EXPOIL1' 'Export of Crude Oil Step 1,,,,,,
REG2,PRC_DESC,EXPOPP1' 'Export of Other Petroleum Products Step 1,,,,,,
REG2,PRC_DESC,FTE-ELCCOA' 'Sector Fuel Technology Existing Electricity Plants Solid Fuels,,,,,,
REG2,PRC_DESC,FTE-ELCGAS' 'Sector Fuel Technology Existing Electricity Plants Natural Gas,,,,,,
REG2,PRC_DESC,FTE-ELCNUC' 'Sector Fuel Technology Existing Electricity Plants Nuclear Energy,,,,,,
REG2,PRC_DESC,FTE-ELCOIL' 'Sector Fuel Technology Existing Electricity Plants Crude Oil,,,,,,
REG2,PRC_DESC,FTE-ELCRNW' 'Sector Fuel Technology Existing Electricity Plants Renewable Energies,,,,,,
REG2,PRC_DESC,FTE-RSDGAS' 'Sector Fuel Technology Existing Residential Natural Gas,,,,,,
REG2,PRC_DESC,FTE-TRADSL' 'Sector Fuel Technology Existing Transport Diesel oil,,,,,,
REG2,PRC_DESC,FTE-TRAELC' 'Sector Fuel Technology Existing Transport Electricity,,,,,,
REG2,PRC_DESC,FTE-TRAGAS' 'Sector Fuel Technology Existing Transport Natural Gas,,,,,,
REG2,PRC_DESC,FTE-TRAGSL' 'Sector Fuel Technology Existing Transport Motor spirit,,,,,,
REG2,PRC_DESC,FTE-TRAHFO' 'Sector Fuel Technology Existing Transport Heavy Fuel Oil,,,,,,
REG2,PRC_DESC,FTE-TRAKER' 'Sector Fuel Technology Existing Transport Kerosenes,,,,,,
REG2,PRC_DESC,FTE-TRALPG' 'Sector Fuel Technology Existing Transport LPG,,,,,,
REG2,PRC_DESC,IMPCOA1' 'Import of Solid Fuels Step 1,,,,,,
REG2,PRC_DESC,IMPDEMZ' 'Dummy Import of DEM,,,,,,
REG2,PRC_DESC,IMPDSL1' 'Import of Diesel oil Step 1,,,,,,
REG2,PRC_DESC,IMPGAS1' 'Import of Natural Gas Step 1,,,,,,
REG2,PRC_DESC,IMPGSL1' 'Import of Motor spirit Step 1,,,,,,
REG2,PRC_DESC,IMPHFO1' 'Import of Heavy Fuel Oil Step 1,,,,,,
REG2,PRC_DESC,IMPKER1' 'Import of Kerosenes Step 1,,,,,,
REG2,PRC_DESC,IMPLPG1' 'Import of LPG Step 1,,,,,,
REG2,PRC_DESC,IMPMATZ' 'Dummy Import of MAT,,,,,,
REG2,PRC_DESC,IMPNAP1' 'Import of Naphtha Step 1,,,,,,
REG2,PRC_DESC,IMPNRGZ' 'Dummy Import of NRG,,,,,,
REG2,PRC_DESC,IMPOIL1' 'Import of Crude Oil Step 1,,,,,,
REG2,PRC_DESC,IMPOPP1' 'Import of Other Petroleum Products Step 1,,,,,,
REG2,PRC_DESC,MINCOA1' 'Domestic Supply of Solid Fuels Step 1,,,,,,
REG2,PRC_DESC,MINCOA2' 'Domestic Supply of Solid Fuels Step 2,,,,,,
REG2,PRC_DESC,MINCOA3' 'Domestic Supply of Solid Fuels Step 3,,,,,,
REG2,PRC_DESC,MINGAS1' 'Domestic Supply of Natural Gas Step 1,,,,,,
REG2,PRC_DESC,MINGAS2' 'Domestic Supply of Natural Gas Step 2,,,,,,
REG2,PRC_DESC,MINGAS3' 'Domestic Supply of Natural Gas Step 3,,,,,,
REG2,PRC_DESC,MINNUC1' 'Domestic Supply of Nuclear Energy Step 1,,,,,,
REG2,PRC_DESC,MINOIL1' 'Domestic Supply of Crude Oil Step 1,,,,,,
REG2,PRC_DESC,MINOIL2' 'Domestic Supply of Crude Oil Step 2,,,,,,
REG2,PRC_DESC,MINOIL3' 'Domestic Supply of Crude Oil Step 3,,,,,,
REG2,PRC_DESC,MINRNW1' 'Domestic Supply of Renewable Energies Step 1,,,,,,
REG2,PRC_DESC,REFEOIL00' 'Refinery Existing00,,,,,,
REG2,PRC_DESC,ROTEGAS' 'Demand Technologies Residential Sector -  Existing Other - Natural Gas,,,,,,
REG2,PRC_DESC,TB_ELC_REG1_REG2_01' 'IRE(B) - ELC from reg1 to reg2,,,,,,
REG2,PRC_DESC,TCAREDSL' 'Demand Technologies Transport Sector -  Existing Cars - Diesel oil,,,,,,
REG2,PRC_DESC,TCAREGAS' 'Demand Technologies Transport Sector -  Existing Cars - Natural Gas,,,,,,
REG2,PRC_DESC,TCAREGSL' 'Demand Technologies Transport Sector -  Existing Cars - Motor spirit,,,,,,
REG2,PRC_DESC,TCARELPG' 'Demand Technologies Transport Sector -  Existing Cars - LPG,,,,,,
REG2,PRC_DESC,TU_GAS_REG2_REG1_01' 'IRE(U) - GAS from reg2 to reg1,,,,,,
REG1,COM_DESC,COA' 'Solid Fuels,,,,,,
REG1,COM_DESC,DROT' 'Demand Residential Sector - Other,,,,,,
REG1,COM_DESC,DSL' 'Diesel oil,,,,,,
REG1,COM_DESC,DTCAR' 'Demand Transport Sector - Cars,,,,,,
REG1,COM_DESC,ELC' 'Electricity,,,,,,
REG1,COM_DESC,ELCCO2' 'Electricity Plants Carbon dioxide,,,,,,
REG1,COM_DESC,ELCCOA' 'Electricity Plants Solid Fuels,,,,,,
REG1,COM_DESC,ELCGAS' 'Electricity Plants Natural Gas,,,,,,
REG1,COM_DESC,ELCNUC' 'Electricity Plants Nuclear Energy,,,,,,
REG1,COM_DESC,ELCOIL' 'Electricity Plants Crude Oil,,,,,,
REG1,COM_DESC,ELCRNW' 'Electricity Plants Renewable Energies,,,,,,
REG1,COM_DESC,GAS' 'Natural Gas,,,,,,
REG1,COM_DESC,GSL' 'Motor spirit,,,,,,
REG1,COM_DESC,HFO' 'Heavy Fuel Oil,,,,,,
REG1,COM_DESC,KER' 'Kerosenes,,,,,,
REG1,COM_DESC,LPG' 'LPG,,,,,,
REG1,COM_DESC,NAP' 'Naphtha,,,,,,
REG1,COM_DESC,NUC' 'Nuclear Energy,,,,,,
REG1,COM_DESC,OIL' 'Crude Oil,,,,,,
REG1,COM_DESC,OPP' 'Other Petroleum Products,,,,,,
REG1,COM_DESC,RNW' 'Renewable Energies,,,,,,
REG1,COM_DESC,RSDCO2' 'Residential Carbon dioxide,,,,,,
REG1,COM_DESC,RSDGAS' 'Residential Natural Gas,,,,,,
REG1,COM_DESC,TPSCOA' 'Demand Total Primary Supply - COA,,,,,,
REG1,COM_DESC,TPSELC' 'Demand Total Primary Supply - ELC,,,,,,
REG1,COM_DESC,TRACO2' 'Transport Carbon dioxide,,,,,,
REG1,COM_DESC,TRADSL' 'Transport Diesel oil,,,,,,
REG1,COM_DESC,TRAELC' 'Transport Electricity,,,,,,
REG1,COM_DESC,TRAGAS' 'Transport Natural Gas,,,,,,
REG1,COM_DESC,TRAGSL' 'Transport Motor spirit,,,,,,
REG1,COM_DESC,TRAHFO' 'Transport Heavy Fuel Oil,,,,,,
REG1,COM_DESC,TRAKER' 'Transport Kerosenes,,,,,,
REG1,COM_DESC,TRALPG' 'Transport LPG,,,,,,
REG2,COM_DESC,COA' 'Solid Fuels,,,,,,
REG2,COM_DESC,DROT' 'Demand Residential Sector - Other,,,,,,
REG2,COM_DESC,DSL' 'Diesel oil,,,,,,
REG2,COM_DESC,DTCAR' 'Demand Transport Sector - Cars,,,,,,
REG2,COM_DESC,ELC' 'Electricity,,,,,,
REG2,COM_DESC,ELCCO2' 'Electricity Plants Carbon dioxide,,,,,,
REG2,COM_DESC,ELCCOA' 'Electricity Plants Solid Fuels,,,,,,
REG2,COM_DESC,ELCGAS' 'Electricity Plants Natural Gas,,,,,,
REG2,COM_DESC,ELCNUC' 'Electricity Plants Nuclear Energy,,,,,,
REG2,COM_DESC,ELCOIL' 'Electricity Plants Crude Oil,,,,,,
REG2,COM_DESC,ELCRNW' 'Electricity Plants Renewable Energies,,,,,,
REG2,COM_DESC,GAS' 'Natural Gas,,,,,,
REG2,COM_DESC,GSL' 'Motor spirit,,,,,,
REG2,COM_DESC,HFO' 'Heavy Fuel Oil,,,,,,
REG2,COM_DESC,KER' 'Kerosenes,,,,,,
REG2,COM_DESC,LPG' 'LPG,,,,,,
REG2,COM_DESC,NAP' 'Naphtha,,,,,,
REG2,COM_DESC,NUC' 'Nuclear Energy,,,,,,
REG2,COM_DESC,OIL' 'Crude Oil,,,,,,
REG2,COM_DESC,OPP' 'Other Petroleum Products,,,,,,
REG2,COM_DESC,RNW' 'Renewable Energies,,,,,,
REG2,COM_DESC,RSDCO2' 'Residential Carbon dioxide,,,,,,
REG2,COM_DESC,RSDGAS' 'Residential Natural Gas,,,,,,
REG2,COM_DESC,TPSCOA' 'Demand Total Primary Supply - COA,,,,,,
REG2,COM_DESC,TPSELC' 'Demand Total Primary Supply - ELC,,,,,,
REG2,COM_DESC,TRACO2' 'Transport Carbon dioxide,,,,,,
REG2,COM_DESC,TRADSL' 'Transport Diesel oil,,,,,,
REG2,COM_DESC,TRAELC' 'Transport Electricity,,,,,,
REG2,COM_DESC,TRAGAS' 'Transport Natural Gas,,,,,,
REG2,COM_DESC,TRAGSL' 'Transport Motor spirit,,,,,,
REG2,COM_DESC,TRAHFO' 'Transport Heavy Fuel Oil,,,,,,
REG2,COM_DESC,TRAKER' 'Transport Kerosenes,,,,,,
REG2,COM_DESC,TRALPG' 'Transport LPG,,,,,,
REG1,ACT_COST,2005,ELCNENUC00,MEuro05,,0.27,,
REG1,ACT_COST,2005,ELCTECOA00,MEuro05,,0.5,,
REG1,ACT_COST,2005,ELCTEGAS00,MEuro05,,0.4,,
REG1,ACT_COST,2005,ELCTEOIL00,MEuro05,,0.2,,
REG2,ACT_COST,2005,ELCNENUC00,MEuro05,,0.27,,
REG2,ACT_COST,2005,ELCTECOA00,MEuro05,,0.5,,
REG2,ACT_COST,2005,ELCTEGAS00,MEuro05,,0.4,,
REG2,ACT_COST,2005,ELCTEOIL00,MEuro05,,0.2,,
REG1,ACT_EFF,2005,DTPSCOA,ACT,ANNUAL,1.0,,
REG1,ACT_EFF,2005,DTPSELC,ACT,ANNUAL,1.0,,
REG1,ACT_EFF,2005,ELCNENUC00,ACT,ANNUAL,0.33,,
REG1,ACT_EFF,2005,ELCRERNW00,ACT,ANNUAL,1.0,,
REG1,ACT_EFF,2005,ELCTECOA00,ACT,ANNUAL,0.384,,
REG1,ACT_EFF,2005,ELCTEGAS00,ACT,ANNUAL,0.4929,,
REG1,ACT_EFF,2005,ELCTEOIL00,ACT,ANNUAL,0.25,,
REG1,ACT_EFF,2005,FTE-ELCCOA,ACT,ANNUAL,1.0,,
REG1,ACT_EFF,2005,FTE-ELCGAS,ACT,ANNUAL,1.0,,
REG1,ACT_EFF,2005,FTE-ELCNUC,ACT,ANNUAL,1.0,,
REG1,ACT_EFF,2005,FTE-ELCOIL,ACT,ANNUAL,1.0,,
REG1,ACT_EFF,2005,FTE-ELCRNW,ACT,ANNUAL,1.0,,
REG1,ACT_EFF,2005,FTE-RSDGAS,ACT,ANNUAL,1.0,,
REG1,ACT_EFF,2005,FTE-TRADSL,ACT,ANNUAL,1.0,,
REG1,ACT_EFF,2005,FTE-TRAELC,ACT,ANNUAL,1.0,,
REG1,ACT_EFF,2005,FTE-TRAGAS,ACT,ANNUAL,1.0,,
REG1,ACT_EFF,2005,FTE-TRAGSL,ACT,ANNUAL,1.0,,
REG1,ACT_EFF,2005,FTE-TRAHFO,ACT,ANNUAL,1.0,,
REG1,ACT_EFF,2005,FTE-TRAKER,ACT,ANNUAL,1.0,,
REG1,ACT_EFF,2005,FTE-TRALPG,ACT,ANNUAL,1.0,,
REG1,ACT_EFF,2005,REFEOIL00,ACT,ANNUAL,1.01282037207396,,
REG1,ACT_EFF,2005,ROTEGAS,ACT,ANNUAL,1.0,,
REG1,ACT_EFF,2005,TCAREDSL,ACT,ANNUAL,0.41,,
REG1,ACT_EFF,2005,TCAREGAS,ACT,ANNUAL,0.38,,
REG1,ACT_EFF,2005,TCAREGSL,ACT,ANNUAL,0.4,,
REG1,ACT_EFF,2005,TCARELPG,ACT,ANNUAL,0.38,,
REG2,ACT_EFF,2005,DTPSCOA,ACT,ANNUAL,1.0,,
REG2,ACT_EFF,2005,DTPSELC,ACT,ANNUAL,1.0,,
REG2,ACT_EFF,2005,ELCNENUC00,ACT,ANNUAL,0.33,,
REG2,ACT_EFF,2005,ELCRERNW00,ACT,ANNUAL,1.0,,
REG2,ACT_EFF,2005,ELCTECOA00,ACT,ANNUAL,0.384,,
REG2,ACT_EFF,2005,ELCTEGAS00,ACT,ANNUAL,0.4929,,
REG2,ACT_EFF,2005,ELCTEOIL00,ACT,ANNUAL,0.25,,
REG2,ACT_EFF,2005,FTE-ELCCOA,ACT,ANNUAL,1.0,,
REG2,ACT_EFF,2005,FTE-ELCGAS,ACT,ANNUAL,1.0,,
REG2,ACT_EFF,2005,FTE-ELCNUC,ACT,ANNUAL,1.0,,
REG2,ACT_EFF,2005,FTE-ELCOIL,ACT,ANNUAL,1.0,,
REG2,ACT_EFF,2005,FTE-ELCRNW,ACT,ANNUAL,1.0,,
REG2,ACT_EFF,2005,FTE-RSDGAS,ACT,ANNUAL,1.0,,
REG2,ACT_EFF,2005,FTE-TRADSL,ACT,ANNUAL,1.0,,
REG2,ACT_EFF,2005,FTE-TRAELC,ACT,ANNUAL,1.0,,
REG2,ACT_EFF,2005,FTE-TRAGAS,ACT,ANNUAL,1.0,,
REG2,ACT_EFF,2005,FTE-TRAGSL,ACT,ANNUAL,1.0,,
REG2,ACT_EFF,2005,FTE-TRAHFO,ACT,ANNUAL,1.0,,
REG2,ACT_EFF,2005,FTE-TRAKER,ACT,ANNUAL,1.0,,
REG2,ACT_EFF,2005,FTE-TRALPG,ACT,ANNUAL,1.0,,
REG2,ACT_EFF,2005,REFEOIL00,ACT,ANNUAL,1.01282037207396,,
REG2,ACT_EFF,2005,ROTEGAS,ACT,ANNUAL,1.0,,
REG2,ACT_EFF,2005,TCAREDSL,ACT,ANNUAL,0.41,,
REG2,ACT_EFF,2005,TCAREGAS,ACT,ANNUAL,0.38,,
REG2,ACT_EFF,2005,TCAREGSL,ACT,ANNUAL,0.4,,
REG2,ACT_EFF,2005,TCARELPG,ACT,ANNUAL,0.38,,
REG1,COM_FR,2005,TPSELC,SD,,0.3,,
REG1,COM_FR,2005,TPSELC,SN,,0.2,,
REG1,COM_FR,2005,TPSELC,WD,,0.27,,
REG1,COM_FR,2005,TPSELC,WN,,0.23,,
REG2,COM_FR,2005,TPSELC,SD,,0.34,,
REG2,COM_FR,2005,TPSELC,SN,,0.15,,
REG2,COM_FR,2005,TPSELC,WD,,0.27,,
REG2,COM_FR,2005,TPSELC,WN,,0.24,,
2005,E,,,,,2005.0,,
2006,E,,,,,2007.0,,
2010,E,,,,,2012.0,,
2015,E,,,,,2017.0,,
2020,E,,,,,2022.0,,
REG1,FLO_SHAR,2005,FTE-ELCOIL,DSL,FTE-ELCOIL_NRGI,0.0492573547965106,ANNUAL,UP
REG1,FLO_SHAR,2005,FTE-ELCOIL,HFO,FTE-ELCOIL_NRGI,0.857057232145117,ANNUAL,UP
REG1,FLO_SHAR,2005,FTE-ELCOIL,LPG,FTE-ELCOIL_NRGI,0.0389267104847343,ANNUAL,UP
REG1,FLO_SHAR,2005,FTE-ELCOIL,OPP,FTE-ELCOIL_NRGI,0.0547587025736378,ANNUAL,UP
REG1,FLO_SHAR,2005,REFEOIL00,DSL,REFEOIL00_NRGO,0.363899005633939,ANNUAL,UP
REG1,FLO_SHAR,2005,REFEOIL00,GSL,REFEOIL00_NRGO,0.214133719579848,ANNUAL,UP
REG1,FLO_SHAR,2005,REFEOIL00,HFO,REFEOIL00_NRGO,0.145851035997173,ANNUAL,UP
REG1,FLO_SHAR,2005,REFEOIL00,KER,REFEOIL00_NRGO,0.0618788004546264,ANNUAL,UP
REG1,FLO_SHAR,2005,REFEOIL00,LPG,REFEOIL00_NRGO,0.0693354448982468,ANNUAL,UP
REG1,FLO_SHAR,2005,REFEOIL00,NAP,REFEOIL00_NRGO,0.0619305002645945,ANNUAL,UP
REG1,FLO_SHAR,2005,REFEOIL00,OPP,REFEOIL00_NRGO,0.0829714931715721,ANNUAL,UP
REG2,FLO_SHAR,2005,FTE-ELCOIL,DSL,FTE-ELCOIL_NRGI,0.0492573547965106,ANNUAL,UP
REG2,FLO_SHAR,2005,FTE-ELCOIL,HFO,FTE-ELCOIL_NRGI,0.857057232145117,ANNUAL,UP
REG2,FLO_SHAR,2005,FTE-ELCOIL,LPG,FTE-ELCOIL_NRGI,0.0389267104847343,ANNUAL,UP
REG2,FLO_SHAR,2005,FTE-ELCOIL,OPP,FTE-ELCOIL_NRGI,0.0547587025736378,ANNUAL,UP
REG2,FLO_SHAR,2005,REFEOIL00,DSL,REFEOIL00_NRGO,0.849097679812524,ANNUAL,UP
REG2,FLO_SHAR,2005,REFEOIL00,GSL,REFEOIL00_NRGO,0.499645345686312,ANNUAL,UP
REG2,FLO_SHAR,2005,REFEOIL00,HFO,REFEOIL00_NRGO,0.340319083993405,ANNUAL,UP
REG2,FLO_SHAR,2005,REFEOIL00,KER,REFEOIL00_NRGO,0.144383867727462,ANNUAL,UP
REG2,FLO_SHAR,2005,REFEOIL00,LPG,REFEOIL00_NRGO,0.161782704762576,ANNUAL,UP
REG2,FLO_SHAR,2005,REFEOIL00,NAP,REFEOIL00_NRGO,0.144504500617387,ANNUAL,UP
REG2,FLO_SHAR,2005,REFEOIL00,OPP,REFEOIL00_NRGO,0.193600150733668,ANNUAL,UP
REG1,NCAP_AFA,2005,DTPSCOA,UP,,0.95,,
REG1,NCAP_AFA,2005,DTPSELC,UP,,0.95,,
REG1,NCAP_AFA,2005,ELCNENUC00,UP,,0.9,,
REG1,NCAP_AFA,2005,ELCRERNW00,UP,,0.45,,
REG1,NCAP_AFA,2005,ELCTECOA00,UP,,0.85,,
REG1,NCAP_AFA,2005,ELCTEGAS00,UP,,0.85,,
REG1,NCAP_AFA,2005,ELCTEOIL00,UP,,0.85,,
REG1,NCAP_AFA,2005,ROTEGAS,UP,,0.95,,
REG1,NCAP_AFA,2005,TCAREDSL,UP,,16.5,,
REG1,NCAP_AFA,2005,TCAREGAS,UP,,14.0,,
REG1,NCAP_AFA,2005,TCAREGSL,UP,,11.5,,
REG1,NCAP_AFA,2005,TCARELPG,UP,,14.0,,
REG2,NCAP_AFA,2005,DTPSCOA,UP,,0.95,,
REG2,NCAP_AFA,2005,DTPSELC,UP,,0.95,,
REG2,NCAP_AFA,2005,ELCNENUC00,UP,,0.9,,
REG2,NCAP_AFA,2005,ELCRERNW00,UP,,0.45,,
REG2,NCAP_AFA,2005,ELCTECOA00,UP,,0.85,,
REG2,NCAP_AFA,2005,ELCTEGAS00,UP,,0.85,,
REG2,NCAP_AFA,2005,ELCTEOIL00,UP,,0.85,,
REG2,NCAP_AFA,2005,ROTEGAS,UP,,0.95,,
REG2,NCAP_AFA,2005,TCAREDSL,UP,,16.5,,
REG2,NCAP_AFA,2005,TCAREGAS,UP,,14.0,,
REG2,NCAP_AFA,2005,TCAREGSL,UP,,11.5,,
REG2,NCAP_AFA,2005,TCARELPG,UP,,14.0,,
REG1,NCAP_COST,2005,DTPSCOA,MEuro05,,10.0,,
REG1,NCAP_COST,2005,DTPSELC,MEuro05,,10.0,,
REG2,NCAP_COST,2005,DTPSCOA,MEuro05,,10.0,,
REG2,NCAP_COST,2005,DTPSELC,MEuro05,,10.0,,
REG1,NCAP_PKCNT,2005,ELCNENUC00,ANNUAL,,1.0,,
REG1,NCAP_PKCNT,2005,ELCRERNW00,ANNUAL,,0.5,,
REG1,NCAP_PKCNT,2005,ELCTECOA00,ANNUAL,,1.0,,
REG1,NCAP_PKCNT,2005,ELCTEGAS00,ANNUAL,,1.0,,
REG1,NCAP_PKCNT,2005,ELCTEOIL00,ANNUAL,,1.0,,
REG2,NCAP_PKCNT,2005,ELCNENUC00,ANNUAL,,1.0,,
REG2,NCAP_PKCNT,2005,ELCRERNW00,ANNUAL,,0.5,,
REG2,NCAP_PKCNT,2005,ELCTECOA00,ANNUAL,,1.0,,
REG2,NCAP_PKCNT,2005,ELCTEGAS00,ANNUAL,,1.0,,
REG2,NCAP_PKCNT,2005,ELCTEOIL00,ANNUAL,,1.0,,
REG1,PRC_ACTFLO,2005,TCAREDSL,TCAREDSL_DEMO,,1.25,,
REG1,PRC_ACTFLO,2005,TCAREGAS,TCAREGAS_DEMO,,1.25,,
REG1,PRC_ACTFLO,2005,TCAREGSL,TCAREGSL_DEMO,,1.25,,
REG1,PRC_ACTFLO,2005,TCARELPG,TCARELPG_DEMO,,1.25,,
REG2,PRC_ACTFLO,2005,TCAREDSL,TCAREDSL_DEMO,,1.25,,
REG2,PRC_ACTFLO,2005,TCAREGAS,TCAREGAS_DEMO,,1.25,,
REG2,PRC_ACTFLO,2005,TCAREGSL,TCAREGSL_DEMO,,1.25,,
REG2,PRC_ACTFLO,2005,TCARELPG,TCARELPG_DEMO,,1.25,,
REG1,PRC_RESID,2005,ELCNENUC00,,,0.0,,
REG1,PRC_RESID,2005,ELCRERNW00,,,88.4838491459496,,
REG1,PRC_RESID,2005,ELCTECOA00,,,137.496570865789,,
REG1,PRC_RESID,2005,ELCTEGAS00,,,0.0,,
REG1,PRC_RESID,2005,ELCTEOIL00,,,3.42636146924523,,
REG1,PRC_RESID,2005,ROTEGAS,,,0.0,,
REG1,PRC_RESID,2005,TCAREDSL,,,58068.6482018182,,
REG1,PRC_RESID,2005,TCAREGAS,,,0.0,,
REG1,PRC_RESID,2005,TCAREGSL,,,50465.909426087,,
REG1,PRC_RESID,2005,TCARELPG,,,1549.96533428571,,
REG1,PRC_RESID,2015,TCAREDSL,,,0.0,,
REG1,PRC_RESID,2015,TCAREGAS,,,0.0,,
REG1,PRC_RESID,2015,TCAREGSL,,,0.0,,
REG1,PRC_RESID,2015,TCARELPG,,,0.0,,
REG1,PRC_RESID,2025,ELCTEGAS00,,,0.0,,
REG1,PRC_RESID,2025,ROTEGAS,,,0.0,,
REG1,PRC_RESID,2030,ELCNENUC00,,,0.0,,
REG1,PRC_RESID,2030,ELCRERNW00,,,88.4838491459496,,
REG1,PRC_RESID,2035,ELCTECOA00,,,0.0,,
REG1,PRC_RESID,2035,ELCTEOIL00,,,0.0,,
REG2,PRC_RESID,2005,ELCNENUC00,,,125.281835574159,,
REG2,PRC_RESID,2005,ELCRERNW00,,,0.0,,
REG2,PRC_RESID,2005,ELCTECOA00,,,0.0,,
REG2,PRC_RESID,2005,ELCTEGAS00,,,103.626094457874,,
REG2,PRC_RESID,2005,ELCTEOIL00,,,7.99484342823887,,
REG2,PRC_RESID,2005,ROTEGAS,,,5485.67466315789,,
REG2,PRC_RESID,2005,TCAREDSL,,,135493.512470909,,
REG2,PRC_RESID,2005,TCAREGAS,,,582.526157142857,,
REG2,PRC_RESID,2005,TCAREGSL,,,117753.78866087,,
REG2,PRC_RESID,2005,TCARELPG,,,3616.58578,,
REG2,PRC_RESID,2015,TCAREDSL,,,0.0,,
REG2,PRC_RESID,2015,TCAREGAS,,,0.0,,
REG2,PRC_RESID,2015,TCAREGSL,,,0.0,,
REG2,PRC_RESID,2015,TCARELPG,,,0.0,,
REG2,PRC_RESID,2025,ELCTEGAS00,,,0.0,,
REG2,PRC_RESID,2025,ROTEGAS,,,0.0,,
REG2,PRC_RESID,2030,ELCNENUC00,,,125.281835574159,,
REG2,PRC_RESID,2030,ELCRERNW00,,,0.0,,
REG2,PRC_RESID,2035,ELCTECOA00,,,0.0,,
REG2,PRC_RESID,2035,ELCTEOIL00,,,0.0,,
